Month,Car_Model,Segment,Fuel_Type,Engine_CC,Transmission,Seating_Capacity,Ex_Showroom_Price_Lakh,Units_Sold,Revenue_Crores,Mileage_KMPL,Customer_Rating,Annual_Service_Cost_INR,Warranty_Years,Safety_Rating_Stars
2023-02,Venue,SUV,Diesel,1197,Automatic,5,18.16,13593,24684.89,21.3,3.9,11092,5,5
2024-07,Aura,Sedan,Petrol,1197,Manual,5,20.73,1911,3961.5,19.3,4.4,5069,3,3
2024-11,Exter,SUV,Diesel,1497,Automatic,5,10.55,7739,8164.65,18.9,4,10907,3,5
2024-06,Aura,Sedan,Petrol,999,Manual,5,6.64,6192,4111.49,17.4,3.6,5562,5,4
2024-11,Grand i10 Nios,Hatchback,Petrol,999,Manual,5,7.96,2961,2356.96,19.5,4.1,10194,5,3
2023-10,Aura,Sedan,Petrol,999,Automatic,7,13.87,5983,8298.42,17.2,4.5,10306,5,4
2023-01,Venue,SUV,Diesel,999,Manual,5,21.5,6625,14243.75,20.9,4.5,4762,3,5
2024-04,Creta,SUV,Diesel,1999,Automatic,5,17.25,5967,10293.08,17.9,4.7,9451,5,4
2023-07,Tucson,SUV,Diesel,1497,Manual,5,6.92,5573,3856.52,15.2,4.3,,3,3
2023-11,Tucson,SUV,Diesel,1999,Automatic,5,19.99,1023,2044.98,20.8,3.9,6470,5,4
2024-01,Tucson,SUV,Diesel,1497,Manual,5,15,4713,7069.5,20.9,4.5,4923,5,3
2024-01,Tucson,SUV,Petrol,1197,Automatic,5,22.79,12805,29182.6,21.3,3.7,5521,5,4
2024-05,Tucson,SUV,Diesel,1497,Automatic,5,24.75,6301,15594.98,16.3,4.2,7927,5,4
2024-11,Tucson,SUV,Petrol,1497,Automatic,5,20.37,2174,4428.44,22,3.9,7259,5,4
2024-12,Tucson,SUV,Petrol,1497,Automatic,5,6,13906,8343.6,16.8,4.3,8809,5,3
2024-03,Alcazar,SUV,Petrol,1999,Manual,5,17.2,13689,23545.08,20.7,4.3,6587,5,5
2024-06,Grand i10 Nios,Hatchback,Diesel,1197,Manual,5,23.91,2268,5422.79,15.2,4.8,6136,3,3
2023-12,Verna,Sedan,Petrol,1197,Automatic,5,7.9,6051,4780.29,17.7,4.8,8415,3,5
2023-01,Venue,SUV,Petrol,1197,Manual,5,14.33,8578,12292.27,19,3.7,11420,5,5
2024-07,Verna,Sedan,Petrol,999,Automatic,5,20.68,4659,9634.81,16.7,4.6,6541,5,5
2023-06,Alcazar,SUV,Diesel,1999,Manual,7,6.44,12353,7955.33,19.5,4.6,7318,3,3
2024-01,Creta,SUV,Diesel,1197,Manual,7,7.57,7037,5327.01,21,4.2,6891,5,3
2023-09,Exter,SUV,Diesel,999,Automatic,5,23.51,1634,3841.53,20.2,3.5,6916,5,4
2024-02,Verna,Sedan,Petrol,1497,Manual,5,17.85,9482,16925.37,20.5,4.7,5039,3,3
2023-08,Venue,SUV,Diesel,999,Manual,5,8.5,4232,3597.2,16.6,3.7,7196,5,5
2024-06,i20,Hatchback,Petrol,999,Manual,5,13.07,9922,12968.05,21.8,3.7,11024,5,5
2024-06,Aura,Sedan,Diesel,1197,Automatic,5,21.26,6202,13185.45,16.5,3.9,9714,5,4
2024-09,Alcazar,SUV,Petrol,1197,Automatic,5,9.29,5616,5217.26,19,3.9,6172,3,5
2023-08,Verna,Sedan,Petrol,1999,Automatic,5,9.96,8427,8393.29,15.3,4.2,4263,3,3
2024-08,Tucson,SUV,Petrol,1197,Manual,5,11.87,2647,3141.99,19,4.1,8962,3,4
2024-12,Tucson,SUV,Diesel,1197,Automatic,5,13.79,2557,3526.1,18.7,4.4,4990,5,3
2024-01,Tucson,SUV,Petrol,1497,Automatic,5,16.39,12231,20046.61,20,4.5,6193,5,4
2024-12,Aura,Sedan,Diesel,1197,Automatic,5,8.25,5455,4500.38,15.1,4.6,10175,3,4
2023-11,Tucson,SUV,Petrol,1197,Manual,5,17.15,1576,2702.84,17.1,3.9,4742,5,5
2024-11,Verna,Sedan,Diesel,1197,Automatic,5,22.14,1100,2435.4,15.1,4.5,7606,5,4
2023-02,Exter,SUV,Petrol,1197,Automatic,7,23.24,2300,5345.2,22,4.5,11855,5,3
2023-11,Grand i10 Nios,Hatchback,Diesel,1197,Manual,7,7.69,10719,8242.91,18.4,4,6573,3,4
2024-06,Tucson,SUV,Diesel,1999,Automatic,5,18.17,3316,6025.17,16.2,3.8,11296,5,4
2024-12,Creta,SUV,Petrol,1999,Automatic,5,9.38,12994,12188.37,21.2,3.8,4629,3,4
2024-07,Grand i10 Nios,Hatchback,Petrol,1497,Automatic,5,7.53,12251,9225,16.8,3.6,10129,3,3
2023-04,Verna,Sedan,Petrol,1497,Manual,5,9.87,2182,2153.63,21.5,4.7,7340,5,3
2024-02,Grand i10 Nios,Hatchback,Diesel,999,Automatic,7,13.91,2946,4097.89,19.9,3.8,4391,3,4
2023-05,Exter,SUV,Petrol,1197,Automatic,5,7.86,10558,8298.59,19.6,4.1,10899,3,4
2023-01,Tucson,SUV,Diesel,1999,Manual,5,15.56,7384,11489.5,17.3,4.1,9961,3,4
2024-06,Tucson,SUV,Petrol,1497,Automatic,5,20.61,8285,17075.39,21.8,4.3,9107,3,3
2023-11,Aura,Sedan,Petrol,1999,Manual,7,7.09,7627,5407.54,18,4,6494,5,5
2023-04,Venue,SUV,Diesel,1999,Automatic,7,10.99,4836,5314.76,16.3,3.6,9035,5,5
2024-05,Tucson,SUV,Petrol,1197,Manual,7,16.15,13109,21171.03,18.5,4.5,6314,3,3
2024-09,Grand i10 Nios,Hatchback,Diesel,1497,Automatic,5,12.26,2703,3313.88,15.6,3.7,7531,5,3
2023-01,Verna,Sedan,Diesel,1999,Manual,5,18.44,1026,1891.94,15.5,4.1,7727,5,4
2023-12,Grand i10 Nios,Hatchback,Petrol,999,Manual,7,17.26,10935,18873.81,16.4,3.5,6465,3,4
2024-11,Verna,Sedan,Diesel,1197,Manual,5,10.62,13426,14258.41,19.3,4.6,4858,5,5
2023-12,Aura,Sedan,Petrol,1497,Manual,5,20.14,9512,19157.17,15.5,4.7,10920,5,5
2023-01,Aura,Sedan,Petrol,1197,Automatic,5,18.05,8742,15779.31,15.7,3.6,10290,5,3
2023-08,Grand i10 Nios,Hatchback,Diesel,1497,Manual,7,14.93,6619,9882.17,21.9,4.5,11138,3,5
2024-03,Verna,Sedan,Diesel,1999,Manual,5,9.34,3426,3199.88,17,4.1,4310,5,4
2023-04,Grand i10 Nios,Hatchback,Petrol,1197,Manual,5,18.29,12505,22871.64,21.8,4.5,4955,3,3
2023-12,Grand i10 Nios,Hatchback,Diesel,1197,Automatic,5,11.94,3336,3983.18,16.9,4.6,10130,3,4
2024-07,Creta,SUV,Diesel,1197,Automatic,7,14.68,2948,4327.66,19,4,10688,3,4
2023-07,Aura,Sedan,Petrol,1497,Automatic,5,18.09,11710,21183.39,17.7,4.7,,5,4
2023-04,Creta,SUV,Petrol,999,Automatic,5,20.89,4314,9011.95,17.8,4.2,5238,3,3
2024-09,Venue,SUV,Petrol,1197,Manual,5,15.6,7149,11152.44,18.6,4.1,4514,5,4
2023-02,Alcazar,SUV,Diesel,1197,Manual,5,19.46,3169,6166.87,15.9,4.5,5830,5,4
2023-12,Grand i10 Nios,Hatchback,Diesel,1497,Manual,7,18.53,13780,25534.34,16.8,3.9,11682,5,5
2023-02,Tucson,SUV,Petrol,999,Automatic,5,24.79,12440,30838.76,18.1,4.1,9133,5,5
2024-03,Exter,SUV,Petrol,1497,Manual,5,19.92,12975,25846.2,21.9,4.4,7888,5,4
2023-10,Venue,SUV,Diesel,999,Automatic,5,23.94,12088,28938.67,22,4.8,8167,5,3
2023-01,Verna,Sedan,Diesel,1197,Automatic,5,6.33,2775,1756.58,19.1,3.6,4036,5,3
2024-07,Alcazar,SUV,Petrol,1999,Automatic,7,22.57,7016,15835.11,17,4.2,11175,3,4
2024-11,Aura,Sedan,Diesel,1999,Automatic,7,11.86,3642,4319.41,17.5,4.1,9672,5,4
2024-07,Creta,SUV,Petrol,1197,Automatic,5,22.98,13936,32024.93,20.2,4.3,7676,3,4
2024-02,Alcazar,SUV,Diesel,1999,Automatic,5,9.57,3915,3746.66,17.5,3.6,9377,5,5
2023-03,i20,Hatchback,Diesel,1497,Manual,5,23.37,5977,13968.25,19.7,4.5,8117,5,3
2023-09,Tucson,SUV,Petrol,1999,Manual,5,25,3514,8785,20.5,4,7201,3,5
2023-08,Venue,SUV,Diesel,999,Automatic,5,11.2,14160,15859.2,20.3,4,10128,5,4
2024-03,Tucson,SUV,Diesel,999,Manual,5,11.34,874,991.12,19.1,3.6,5979,3,4
2023-04,Alcazar,SUV,Diesel,1999,Automatic,5,17.27,1003,1732.18,17.7,3.7,4255,5,5
2024-01,Alcazar,SUV,Diesel,999,Automatic,5,17.55,10623,18643.36,18.3,4.7,6308,3,5
2023-04,i20,Hatchback,Diesel,1999,Manual,5,19.64,13404,26325.46,18,3.8,4036,3,4
2024-07,Aura,Sedan,Petrol,1197,Automatic,5,17.71,12526,22183.55,15.4,4.2,5402,5,3
2024-08,Venue,SUV,Petrol,1197,Automatic,5,6.24,11118,6937.63,20.7,4.2,6706,3,4
2024-05,Aura,Sedan,Diesel,1197,Manual,5,22.96,3978,9133.49,19.4,4,7353,3,5
2024-10,Venue,SUV,Diesel,1497,Manual,5,9.94,3222,3202.67,19.1,4.3,10202,5,3
2024-01,Alcazar,SUV,Diesel,1197,Manual,7,16.64,6525,10857.6,15.1,4.7,7168,5,5
2023-11,Aura,Sedan,Diesel,1197,Automatic,5,24.6,12611,31023.06,20.2,4.3,10148,5,3
2023-08,Verna,Sedan,Diesel,999,Automatic,5,22.52,3293,7415.84,20,3.9,4144,3,4
2024-09,Grand i10 Nios,Hatchback,Diesel,1497,Manual,5,23.97,2385,5716.84,20.3,4.7,5926,5,4
2023-06,Venue,SUV,Diesel,1497,Automatic,5,10.65,859,914.84,18.4,3.7,9613,5,3
2023-03,Venue,SUV,Diesel,1497,Automatic,5,18.09,1242,2246.78,20.9,3.7,10428,5,3
2023-05,i20,Hatchback,Petrol,1497,Manual,5,11.96,6118,7317.13,15.3,4.5,8207,5,4
2024-04,Verna,Sedan,Petrol,1197,Manual,7,10.06,1940,1951.64,16.1,3.7,4924,3,4
2023-07,Alcazar,SUV,Diesel,1999,Automatic,5,21.47,7752,16643.54,16.3,4.5,4739,3,4
2023-05,Alcazar,SUV,Petrol,1197,Manual,5,8.22,10491,8623.6,15.9,4.4,11664,5,4
2023-12,Verna,Sedan,Petrol,1497,Automatic,5,7.87,6692,5266.6,17.6,3.8,11639,5,5
2024-02,Tucson,SUV,Petrol,1999,Manual,5,19.49,1718,3348.38,16.6,4.3,6323,3,4
2024-08,Exter,SUV,Petrol,1197,Automatic,5,19.32,10964,21182.45,18.6,4,5370,3,5
2023-12,Creta,SUV,Diesel,1999,Manual,5,20.05,10990,22034.95,20.4,3.8,11317,5,4
2024-06,i20,Hatchback,Diesel,1197,Automatic,7,16.87,4139,6982.49,18.8,3.9,,5,3
2023-05,Alcazar,SUV,Diesel,1999,Manual,5,14.04,7556,10608.62,19.9,3.9,8032,5,4
2024-01,Creta,SUV,Petrol,1197,Automatic,5,16.39,1816,2976.42,16.7,4.1,8445,3,3
2023-11,Exter,SUV,Petrol,1197,Manual,5,13.04,1196,1559.58,19.9,4.3,9682,3,5
2023-09,Exter,SUV,Diesel,1197,Manual,5,6.83,3368,2300.34,21.7,3.6,11320,3,4
2024-07,Verna,Sedan,Petrol,1999,Automatic,5,8.39,13849,11619.31,19.4,3.9,11418,5,5
2024-02,Aura,Sedan,Diesel,1497,Manual,7,10.88,14854,16161.15,19.4,4.1,9230,5,3
2023-02,Aura,Sedan,Diesel,1197,Automatic,5,23.21,11202,25999.84,21.4,4.3,11516,3,4
2024-05,i20,Hatchback,Diesel,1197,Manual,5,12.26,3885,4763.01,18.8,4,7553,3,3
2023-02,i20,Hatchback,Petrol,999,Automatic,5,12.48,13060,16298.88,20.3,4.6,7574,5,3
2024-11,Alcazar,SUV,Petrol,1497,Automatic,5,11.66,5682,6625.21,15.8,4.5,8762,5,5
2023-01,Grand i10 Nios,Hatchback,Petrol,1497,Manual,7,16.38,7740,12678.12,19.2,3.6,10439,5,3
2023-08,Venue,SUV,Diesel,999,Automatic,5,18.34,2471,4531.81,16.4,3.8,10766,5,4
2024-03,Alcazar,SUV,Diesel,999,Manual,5,14.9,12162,18121.38,17.2,4.4,5326,3,4
2024-02,Tucson,SUV,Diesel,1197,Manual,7,10.39,7289,7573.27,21.7,4.5,7875,5,5
2023-10,Verna,Sedan,Petrol,1197,Automatic,7,11.25,3814,4290.75,21.2,4.6,9767,3,5
2023-12,Alcazar,SUV,Petrol,999,Automatic,5,20.53,12789,26255.82,21.8,4.2,10980,3,5
2024-04,Creta,SUV,Petrol,1999,Manual,5,22.18,3732,8277.58,16.9,4.4,10409,5,3
2023-09,Grand i10 Nios,Hatchback,Diesel,999,Automatic,5,9.09,11850,10771.65,20.6,4.4,5234,3,5
2024-10,Tucson,SUV,Petrol,999,Manual,5,11.35,4953,5621.65,19,3.6,5014,5,3
2023-12,Alcazar,SUV,Diesel,1999,Automatic,5,21.56,3511,7569.72,16.8,3.8,8741,3,4
2024-06,Venue,SUV,Petrol,1999,Automatic,5,9.6,11247,10797.12,20.5,4.1,4487,3,4
2024-04,Venue,SUV,Diesel,999,Manual,5,11.18,10285,11498.63,19,4.3,5490,3,3
2024-04,Verna,Sedan,Diesel,1197,Automatic,5,12.94,8249,10674.21,18.7,4.3,6061,5,5
2024-08,Exter,SUV,Diesel,999,Automatic,5,8.16,5066,4133.86,18.7,4,4854,3,5
2024-08,Aura,Sedan,Diesel,999,Automatic,5,22.02,11276,24829.75,16.6,4,9394,3,5
2023-07,i20,Hatchback,Diesel,999,Manual,7,23.08,5233,12077.76,17.3,3.6,10137,3,4
2024-07,Exter,SUV,Petrol,1197,Manual,5,17.28,10716,18517.25,16.9,4.2,4880,5,5
2023-10,Exter,SUV,Petrol,999,Automatic,5,14.96,12082,18074.67,19,3.9,7451,5,3
2024-10,i20,Hatchback,Petrol,1999,Manual,7,6.4,8626,5520.64,20.7,4,4915,3,3
2023-10,Alcazar,SUV,Diesel,1497,Automatic,7,16.79,10434,17518.69,20.5,4.3,10054,5,5
2023-03,Tucson,SUV,Petrol,1197,Automatic,5,21.68,14287,30974.22,16.2,4.2,6381,5,4
2024-03,Aura,Sedan,Petrol,1497,Manual,7,12.57,6683,8400.53,18.1,3.6,6457,3,5
2023-01,Verna,Sedan,Petrol,1497,Manual,7,11.17,,12711.46,17.5,4.2,,5,3
2023-11,Creta,SUV,Diesel,1197,Manual,5,16.34,5719,9344.85,17.3,3.7,7653,3,4
2023-03,Exter,SUV,Petrol,1999,Manual,7,9,7664,6897.6,16,4.7,8776,5,3
2023-05,Creta,SUV,Petrol,1197,Automatic,7,23.87,8127,19399.15,15.7,3.9,5758,5,5
2023-02,Grand i10 Nios,Hatchback,Petrol,999,Automatic,5,21.52,14945,32161.64,21,3.8,9840,5,5
2024-08,Aura,Sedan,Diesel,999,Manual,5,11.55,6569,7587.2,20.1,4.2,7511,5,5
2024-05,Creta,SUV,Diesel,1497,Manual,7,15.9,9294,14777.46,20.9,3.8,7263,3,4
2024-02,Alcazar,SUV,Diesel,1497,Manual,7,8.37,10253,8581.76,16.3,4.1,10149,5,4
2024-08,Creta,SUV,Diesel,1497,Automatic,5,14.41,3928,5660.25,20,4,8725,5,3
2024-10,Tucson,SUV,Diesel,1999,Automatic,5,7.38,12013,8865.59,20.2,3.6,8139,5,3
2024-03,Creta,SUV,Diesel,999,Manual,5,9.13,12557,11464.54,15.3,4.5,9295,3,4
2024-11,Verna,Sedan,Petrol,1197,Automatic,7,9.28,11803,10953.18,20.4,3.8,6431,3,4
2023-08,Verna,Sedan,Petrol,1999,Manual,5,8.92,12468,11121.46,21.2,3.6,9082,3,3
2024-02,Alcazar,SUV,Petrol,1497,Automatic,5,7.85,6612,5190.42,15.9,3.6,8499,3,5
2023-03,Alcazar,SUV,Diesel,1497,Manual,5,15.53,4549,7064.6,19,3.6,8641,3,3
2023-04,Grand i10 Nios,Hatchback,Petrol,1497,Automatic,7,19.07,796,1517.97,18.4,3.9,10190,3,5
2024-09,i20,Hatchback,Petrol,1197,Automatic,5,9.65,6746,6509.89,15.7,4.5,7504,3,3
2024-06,Verna,Sedan,Diesel,1999,Automatic,7,15.41,11507,17732.29,21.2,3.9,10062,5,5
2023-11,Verna,Sedan,Petrol,1999,Manual,5,24.09,4118,9920.26,22,4,5039,5,3
2023-12,Alcazar,SUV,Diesel,1999,Automatic,5,19.83,3333,6609.34,16.5,4.4,5461,3,5
2024-01,Venue,SUV,Diesel,1497,Manual,5,13.56,14343,19449.11,18.9,4.6,11582,5,3
2024-04,Creta,SUV,Diesel,1497,Manual,7,12.66,11267,14264.02,20,3.6,8702,5,5
2023-04,Exter,SUV,Petrol,1497,Manual,7,18.7,9770,18269.9,21,4.4,6742,5,3
2024-12,Tucson,SUV,Petrol,1497,Manual,5,16.2,12955,20987.1,15.8,4.2,7150,5,5
2024-02,Creta,SUV,Petrol,1497,Manual,7,19.3,9670,18663.1,15.2,4.7,6725,5,5
2023-01,i20,Hatchback,Diesel,1497,Manual,5,22.77,9751,22203.03,16.9,4.2,8581,3,5
2024-10,Tucson,SUV,Diesel,999,Manual,5,14.85,2205,3274.43,18.6,3.9,6762,3,5
2023-04,Creta,SUV,Petrol,1197,Automatic,7,7.92,14418,11419.06,15.5,3.9,4760,5,4
2023-01,Alcazar,SUV,Diesel,1197,Automatic,5,12.69,6178,7839.88,21.1,4.1,4372,3,3
2023-02,Grand i10 Nios,Hatchback,Petrol,1497,Manual,7,19.93,6124,12205.13,15.6,3.7,5133,3,5
2023-12,i20,Hatchback,Petrol,1197,Automatic,5,23.91,5754,13757.81,18.3,3.8,10545,5,5
2024-02,Tucson,SUV,Diesel,999,Automatic,7,14.34,9137,13102.46,20.2,4.5,4018,5,5
2024-04,Venue,SUV,Petrol,1497,Automatic,7,19.19,12459,23908.82,17.2,4.2,7552,3,3
2023-03,Verna,Sedan,Petrol,1197,Automatic,7,24.76,1817,4498.89,17,4.7,5296,5,4
2024-05,Venue,SUV,Diesel,1999,Automatic,5,11.09,14588,16178.09,16.7,3.8,10968,3,5
2024-12,Venue,SUV,Diesel,1999,Automatic,7,10.66,,8611.15,15.7,4.7,4426,5,3
2023-05,i20,Hatchback,Petrol,1497,Manual,5,23.6,9717,22932.12,16.8,3.7,4437,3,3
2023-09,Verna,Sedan,Diesel,1197,Manual,5,23.82,14844,35358.41,20.2,3.5,10201,3,5
2024-09,Tucson,SUV,Petrol,1197,Manual,5,6.1,11765,7176.65,15.1,4.5,7627,5,5
2024-04,Exter,SUV,Diesel,1197,Automatic,5,23.66,7122,16850.65,17.8,4,10268,5,3
2024-06,Verna,Sedan,Diesel,1497,Automatic,5,12.58,14294,17981.85,17.5,3.9,9123,5,5
2024-05,i20,Hatchback,Petrol,1999,Manual,7,16.29,3030,4935.87,17.7,4.5,11782,3,5
2023-05,Alcazar,SUV,Petrol,1197,Automatic,5,23.13,8654,20016.7,21,4.2,5433,5,3
2023-03,Aura,Sedan,Petrol,1497,Automatic,5,13.87,14070,19515.09,16.6,4.1,4742,3,4
2024-08,Venue,SUV,Diesel,1999,Manual,5,15.13,5510,8336.63,18.8,4.5,6656,3,3
2024-09,Verna,Sedan,Petrol,1999,Manual,7,6.53,8438,5510.01,17.4,4,7736,3,5
2024-09,Creta,SUV,Petrol,1497,Automatic,5,13.58,3043,4132.39,19.5,4.8,11000,3,4
2024-09,Exter,SUV,Diesel,1999,Manual,7,21.46,6851,14702.25,20.1,4.2,6617,5,4
2023-04,Venue,SUV,Petrol,1497,Manual,5,22.17,5777,12807.61,20.5,4.2,7313,5,4
2024-11,Verna,Sedan,Diesel,999,Automatic,7,10.79,12649,13648.27,15.7,3.9,5357,3,3
2023-09,Aura,Sedan,Petrol,1999,Automatic,5,13.93,12612,17568.52,17.1,3.5,11343,3,3
2023-05,Alcazar,SUV,Diesel,1197,Automatic,5,22.28,2880,6416.64,19.5,3.6,8558,5,5
2024-12,Creta,SUV,Petrol,1197,Automatic,7,17.65,8917,15738.5,16.8,4.1,11333,5,4
2024-01,Verna,Sedan,Petrol,999,Manual,5,8.88,11633,10330.1,16.1,4.8,11164,5,5
2023-08,Alcazar,SUV,Petrol,1999,Automatic,5,15.32,3094,4740.01,19.6,3.8,6983,3,5
2024-09,Venue,SUV,Petrol,1999,Manual,7,13.65,10188,13906.62,18.9,4,11041,3,5
2024-09,Verna,Sedan,Diesel,1497,Manual,5,24.97,,1742.91,20.7,4.6,8291,3,5
2024-06,i20,Hatchback,Petrol,999,Manual,7,21.06,3819,8042.81,18.6,3.9,8009,3,3
2023-05,Verna,Sedan,Petrol,1197,Automatic,5,18.08,13645,24670.16,17.5,4.4,11946,3,5
2024-04,Venue,SUV,Diesel,999,Automatic,5,14.99,4394,6586.61,16.5,3.9,5015,5,5
2023-02,Creta,SUV,Petrol,1999,Manual,5,8.59,1239,1064.3,16.2,3.7,9339,5,3
2023-07,Aura,Sedan,Petrol,1999,Automatic,7,21.67,6263,13571.92,18.2,4,5115,5,3
2024-08,Alcazar,SUV,Petrol,999,Manual,5,20.49,1049,2149.4,18.5,4.7,8034,3,4
2024-12,i20,Hatchback,Petrol,1197,Manual,5,7.89,13257,10459.77,16.1,4.3,6769,5,5
2024-09,Creta,SUV,Diesel,999,Automatic,5,20.53,13256,27214.57,21.9,3.7,8534,3,5
2023-03,Verna,Sedan,Petrol,999,Manual,5,13.56,7050,9559.8,18,4.4,10982,5,5
2023-02,Grand i10 Nios,Hatchback,Diesel,1197,Manual,5,23.57,8290,19539.53,20.4,4.7,8145,3,5
2023-11,Venue,SUV,Diesel,1197,Automatic,7,9.06,1178,1067.27,20.7,3.8,8427,5,5
2023-11,Creta,SUV,Petrol,1497,Automatic,5,13.14,10895,14316.03,21.1,3.8,7275,5,5
2024-08,Creta,SUV,Petrol,1197,Manual,7,18.9,5802,10965.78,15.3,4.4,4723,3,4
2023-03,Aura,Sedan,Diesel,1497,Manual,5,24.56,1071,2630.38,18.3,3.6,11470,5,5
2024-09,Grand i10 Nios,Hatchback,Diesel,999,Automatic,5,13.35,870,1161.45,17.2,3.7,7901,3,5
2024-12,i20,Hatchback,Petrol,999,Manual,7,17.91,6152,11018.23,15.3,4,5464,5,3
2023-06,Grand i10 Nios,Hatchback,Diesel,1999,Automatic,5,6.95,9849,6845.06,20.5,4.4,9875,3,5
2023-10,i20,Hatchback,Diesel,1497,Automatic,5,23.58,14390,33931.62,19.7,4.7,6639,3,4
2023-05,Venue,SUV,Petrol,1197,Manual,5,19.65,13349,26230.78,17.1,3.6,11557,3,5
2023-02,Verna,Sedan,Diesel,1497,Manual,5,20.5,,10977.75,18.9,4.3,11235,5,4
2024-03,Grand i10 Nios,Hatchback,Petrol,1999,Automatic,5,23.62,6859,16200.96,19.5,4.7,11070,5,3
2023-12,Tucson,SUV,Petrol,1999,Manual,5,19.26,6537,12590.26,21.3,3.6,8902,3,3
2023-07,Exter,SUV,Petrol,1197,Manual,5,24.94,9958,24835.25,17.5,3.9,7943,3,3
2023-05,Venue,SUV,Petrol,1999,Automatic,7,24.45,13171,32203.1,17.2,4.5,6665,5,4
2024-05,Aura,Sedan,Diesel,1497,Automatic,5,7.05,10022,7065.51,18,3.8,11107,3,5
2023-01,Alcazar,SUV,Diesel,999,Manual,7,12.69,4158,5276.5,17.1,3.8,8399,3,3
2023-04,Exter,SUV,Petrol,999,Automatic,5,24.13,10352,24979.38,21.8,4.1,4746,5,4
2024-08,Grand i10 Nios,Hatchback,Petrol,999,Automatic,5,21.01,9171,19268.27,17.9,4.5,6886,5,5
2023-10,Exter,SUV,Petrol,1197,Manual,5,18.23,2673,4872.88,21,4.8,8279,5,4
2024-12,i20,Hatchback,Diesel,1999,Automatic,5,11.49,8711,10008.94,15.3,3.9,8836,3,4
2023-06,Exter,SUV,Petrol,1197,Automatic,5,16.87,6789,11453.04,20.6,4.4,6420,3,5
2024-05,Grand i10 Nios,Hatchback,Petrol,1197,Manual,5,15.33,4414,6766.66,20.9,4.5,5264,3,3
2023-07,Aura,Sedan,Petrol,1197,Manual,5,7.47,12002,8965.49,17.2,3.5,9121,3,5
2023-05,Tucson,SUV,Diesel,1197,Manual,5,19.55,8863,17327.17,15.5,3.7,6475,5,5
2023-02,Tucson,SUV,Petrol,999,Automatic,5,6.39,14951,9553.69,18.9,4.5,5021,3,3
2023-08,Verna,Sedan,Diesel,1197,Manual,5,14.93,,19123.84,15.3,4.4,6424,3,4
2023-04,Tucson,SUV,Diesel,1497,Manual,5,16.32,1110,1811.52,16.8,4.8,11450,5,5
2023-11,i20,Hatchback,Petrol,1999,Automatic,5,9.36,6614,6190.7,16.4,3.8,6076,5,3
2024-06,Tucson,SUV,Petrol,999,Automatic,5,6.26,12562,7863.81,15.6,4.7,7224,3,5
2023-09,i20,Hatchback,Petrol,1999,Automatic,5,9.8,2490,2440.2,15.6,4.4,6281,3,5
2023-06,i20,Hatchback,Diesel,999,Automatic,5,7.96,14367,11436.13,20.4,3.6,4473,5,5
2023-06,i20,Hatchback,Diesel,1999,Manual,5,18.99,5642,10714.16,21.3,3.7,6168,5,5
2023-04,Aura,Sedan,Diesel,1999,Manual,5,22.15,1793,3971.49,18.7,3.8,7627,5,5
2024-07,Grand i10 Nios,Hatchback,Petrol,999,Manual,5,10.71,10554,11303.33,21.5,4.2,11438,3,3
2024-02,i20,Hatchback,Petrol,1999,Manual,5,12.55,3824,4799.12,16.5,3.8,6886,5,4
2023-09,Alcazar,SUV,Petrol,1497,Automatic,5,18.33,8108,14861.96,15.5,4.5,7418,3,4
2023-10,Aura,Sedan,Petrol,1999,Manual,5,8.93,13292,11869.76,20.7,,5709,3,5
2023-11,Venue,SUV,Petrol,1197,Manual,5,7.91,8092,6400.77,21.2,4.7,10874,5,4
2024-02,Grand i10 Nios,Hatchback,Petrol,999,Automatic,5,7.08,,7022.65,21.1,4.2,6888,3,5
2023-12,Verna,Sedan,Diesel,999,Manual,5,14.16,7075,10018.2,19.3,4.2,10264,5,3
2024-10,Aura,Sedan,Petrol,1999,Automatic,7,11.84,1361,1611.42,19.1,,6186,3,5
2024-10,Alcazar,SUV,Diesel,1999,Automatic,7,6.43,14898,9579.41,19.1,4.5,5821,3,4
2023-03,Alcazar,SUV,Petrol,1497,Automatic,5,8.85,1103,976.15,20.1,4,5929,3,3
2023-05,Aura,Sedan,Petrol,1497,Manual,5,7.19,3660,,16.9,3.9,5300,5,3
2023-08,Aura,Sedan,Diesel,1999,Manual,5,20.79,7100,14760.9,18.7,3.9,,5,5
2023-02,Creta,SUV,Petrol,1497,Automatic,5,11.29,11317,12776.89,20.2,4.3,5902,3,3
2024-01,Alcazar,SUV,Diesel,999,Automatic,5,13.17,14089,18555.21,18.6,4.5,11754,5,4
2023-10,Grand i10 Nios,Hatchback,Petrol,1497,Automatic,7,19.27,5371,10349.92,19,3.9,5045,5,5
2023-07,Alcazar,SUV,Diesel,1999,Automatic,7,18.03,,8932.06,21.2,3.7,4131,3,4
2024-12,Creta,SUV,Petrol,999,Manual,5,15.4,13427,20677.58,21,4.5,4155,3,5
2023-11,Tucson,SUV,Petrol,1999,Manual,5,22.24,9578,21301.47,19.6,4.5,9712,3,4
2023-08,Venue,SUV,Petrol,1197,Automatic,5,19.39,13651,26469.29,18.8,4.7,7652,5,5
2023-12,Aura,Sedan,Petrol,1497,Automatic,5,11.76,924,1086.62,19,3.8,8029,5,3
2024-02,i20,Hatchback,Petrol,1497,Automatic,5,19.43,3419,6643.12,15.7,3.7,4416,5,4
2024-06,Grand i10 Nios,Hatchback,Diesel,1197,Automatic,5,22.78,679,1546.76,22,4.7,4097,3,5
2024-08,Grand i10 Nios,Hatchback,Petrol,1197,Manual,5,6.92,4351,3010.89,21.9,4.2,4261,5,5
2024-04,Verna,Sedan,Diesel,1197,Automatic,5,8.17,10004,8173.27,20.1,4,4838,5,3
2024-02,Aura,Sedan,Petrol,1497,Manual,5,23.1,12968,29956.08,21.5,4.6,5050,3,5
2023-08,Exter,SUV,Petrol,1999,Manual,5,18.41,6482,11933.36,15.1,4.3,9614,3,5
2023-11,Exter,SUV,Petrol,1999,Automatic,5,16.14,8692,14028.89,17.7,3.7,4288,5,4
2024-08,Venue,SUV,Petrol,1197,Automatic,7,6.23,5254,3273.24,18.4,4.2,10643,3,5
2024-05,Aura,Sedan,Diesel,999,Automatic,7,17.32,12914,22367.05,16.7,3.5,4213,3,5
2023-09,Verna,Sedan,Petrol,1999,Automatic,5,9.33,5906,5510.3,20.5,3.6,5696,5,5
2023-10,Creta,SUV,Petrol,1197,Automatic,5,17.16,9837,16880.29,15.8,4.3,11806,5,4
2024-06,Aura,Sedan,Diesel,999,Automatic,5,6.97,8454,5892.44,16.3,3.9,4423,3,4
2023-11,Exter,SUV,Diesel,999,Manual,7,9.44,3297,3112.37,21.7,3.6,11372,5,5
2024-06,Exter,SUV,Diesel,1999,Automatic,5,11.31,6786,7674.97,19.3,3.6,7311,3,5
2023-06,Exter,SUV,Diesel,1197,Manual,5,13.95,3733,5207.53,19.5,4.3,11354,3,5
2024-06,Tucson,SUV,Petrol,1999,Automatic,5,12.05,6156,7417.98,16.3,3.9,4477,3,5
2023-11,Venue,SUV,Petrol,1497,Manual,7,18.88,8199,15479.71,16.6,3.7,6418,5,4
2024-09,Tucson,SUV,Petrol,999,Manual,5,12.18,1017,1238.71,16.2,4.5,4172,5,3
2023-07,Venue,SUV,Diesel,1197,Automatic,7,18.48,1816,3355.97,16,4.3,6405,5,4
2023-11,Verna,Sedan,Diesel,1999,Manual,5,13.7,6942,9510.54,18.8,3.6,6007,5,4
2024-03,Exter,SUV,Petrol,999,Automatic,5,8.3,3544,2941.52,17.2,4.6,7993,3,
2023-06,Exter,SUV,Petrol,1197,Manual,5,13.04,9491,12376.26,21,4.4,8617,5,4
2023-12,Verna,Sedan,Diesel,1197,Manual,7,21.05,981,2065.01,17.9,4.8,7437,5,3
2024-08,Alcazar,SUV,Petrol,1497,Automatic,7,11.55,9078,10485.09,20.5,3.6,4505,5,4
2023-08,Exter,SUV,Diesel,1999,Automatic,5,22.81,2917,6653.68,20.6,4.3,8291,5,4
2023-02,Verna,Sedan,Petrol,999,Automatic,5,12.23,8874,10852.9,16,3.6,7911,3,5
2024-01,Grand i10 Nios,Hatchback,Petrol,999,Automatic,5,21.89,8494,18593.37,19.7,4.2,4932,3,4
2023-06,Creta,SUV,Petrol,1197,Manual,5,19.51,14291,27881.74,15.8,4.4,10325,3,5
2023-06,i20,Hatchback,Diesel,1497,Manual,7,8.24,12150,10011.6,20.3,4.1,7276,3,4
2024-01,Aura,Sedan,Petrol,1999,Manual,5,15.91,5995,9538.05,19.3,4.1,9044,3,5
2023-05,Exter,SUV,Diesel,1197,Manual,7,9.91,4888,4844.01,21.8,4.5,5034,3,4
2023-11,Verna,Sedan,Petrol,1497,Manual,5,24.93,9426,23499.02,21.9,4.5,10368,5,4
2024-10,Aura,Sedan,Petrol,999,Manual,7,7.24,3911,2831.56,17.4,3.9,11338,3,
2023-10,Grand i10 Nios,Hatchback,Diesel,999,Automatic,7,16.21,5610,9093.81,15.8,4.1,8811,3,5
2024-08,Alcazar,SUV,Petrol,1197,Manual,5,14.79,8417,12448.74,15.3,3.7,10065,3,4
2023-07,Tucson,SUV,Petrol,1999,Automatic,5,6.65,4555,3029.07,16.6,4.2,5124,5,4
2024-01,Verna,Sedan,Diesel,1197,Manual,7,12.04,2320,2793.28,17.8,4.5,5600,3,3
2024-05,Aura,Sedan,Diesel,1999,Manual,5,11.51,2603,2996.05,15.4,3.6,4078,3,3
2024-11,Venue,SUV,Diesel,1497,Automatic,5,14.65,11912,17451.08,16.9,3.8,8611,3,3
2023-08,Creta,SUV,Petrol,1999,Manual,5,19.87,8314,16519.92,20.2,4,5919,5,3
2023-11,i20,Hatchback,Petrol,999,Automatic,5,7.53,6092,4587.28,20.9,4.2,10065,3,4
2024-04,Exter,SUV,Diesel,1497,Automatic,5,9.41,10020,9428.82,18.3,3.8,4926,5,3
2024-08,Creta,SUV,Diesel,1497,Automatic,5,22.14,11346,25120.04,15.3,3.9,11380,3,3
2024-07,Verna,Sedan,Petrol,999,Automatic,5,11.13,4112,4576.66,16.2,4.2,6214,3,5
2024-03,Alcazar,SUV,Diesel,999,Manual,5,17.62,11495,20254.19,21.6,4.6,11099,3,3
2023-06,i20,Hatchback,Petrol,1999,Manual,5,24.36,4552,11088.67,16.3,3.7,4611,3,3
2023-11,Tucson,SUV,Petrol,1999,Automatic,7,11.96,6437,7698.65,15.4,4.4,4560,5,4
2023-09,Creta,SUV,Petrol,1197,Automatic,5,6.02,10787,6493.77,15.7,4.7,6865,3,5
2024-03,Venue,SUV,Petrol,1497,Automatic,5,6.49,1971,1279.18,18.6,4.2,10631,5,5
2024-04,i20,Hatchback,Petrol,1497,Automatic,5,13.06,2602,3398.21,17.9,4,8431,,
2023-02,Alcazar,SUV,Diesel,1497,Automatic,7,18.64,3556,6628.38,16.4,4.2,5646,3,5
2024-05,Grand i10 Nios,Hatchback,Petrol,1497,Automatic,7,9.97,12963,12924.11,18.6,4,7923,3,4
2024-04,Verna,Sedan,Diesel,1497,Automatic,5,18.16,562,1020.59,16.6,4.6,7580,3,3
2024-12,Venue,SUV,Diesel,1197,Manual,7,9.22,9593,8844.75,15,3.9,5418,5,5
2023-09,i20,Hatchback,Petrol,1999,Manual,5,21.24,10559,22427.32,15.7,3.5,9900,3,5
2023-04,Alcazar,SUV,Diesel,1999,Automatic,5,11.66,14820,17280.12,19.4,3.8,9965,5,5
2024-06,Exter,SUV,Diesel,1197,Automatic,7,21.39,3731,7980.61,15.8,4.7,4231,5,5
2023-05,Tucson,SUV,Petrol,1999,Manual,7,22.18,1249,2770.28,17.6,4.6,9612,3,4
2024-03,Verna,Sedan,Diesel,1497,Manual,5,11.94,1475,1761.15,21.7,4.8,7709,3,5
2023-06,Grand i10 Nios,Hatchback,Petrol,1999,Manual,5,6.17,13828,8531.88,19,4.7,5894,5,5
2023-05,Verna,Sedan,Diesel,999,Manual,7,21.16,8257,17471.81,20.8,3.8,5528,5,4
2024-01,Verna,Sedan,Petrol,1497,Automatic,5,21.84,3377,7375.37,16,4.1,5346,5,4
2023-07,i20,Hatchback,Petrol,1497,Automatic,7,15.91,9682,15404.06,21.8,3.7,10597,3,5
2023-04,Venue,SUV,Petrol,999,Manual,5,15.44,11552,17836.29,19.3,3.7,10442,5,3
2024-07,i20,Hatchback,Diesel,1999,Manual,5,13.09,3078,4029.1,20.8,4.6,9094,5,3
2024-12,Creta,SUV,Diesel,999,Automatic,5,9.66,12784,12349.34,16.8,4.5,4682,5,4
2023-09,Tucson,SUV,Petrol,1999,Automatic,5,17.93,5137,9210.64,19.9,3.7,9241,3,5
2024-05,i20,Hatchback,Petrol,1999,Manual,5,25,7218,18045,16.4,4.1,5961,3,4
2024-01,Grand i10 Nios,Hatchback,Diesel,1497,Automatic,5,18.22,11961,21792.94,17.2,4.5,9988,5,3
2023-10,Creta,SUV,Petrol,999,Manual,5,17.2,5354,9208.88,17,4.3,4437,3,4
2023-11,Aura,Sedan,Petrol,1497,Manual,5,15.84,3610,5718.24,17.7,4.5,4956,3,5
2023-08,Tucson,SUV,Diesel,1497,Manual,7,21.45,10766,23093.07,21.1,4.6,8872,5,5
2023-10,Grand i10 Nios,Hatchback,Petrol,999,Automatic,7,13.91,9909,13783.42,19.4,4.1,8126,3,3
2023-06,Aura,Sedan,Petrol,1497,Automatic,5,8.14,6503,5293.44,20.3,3.8,9592,5,5
2023-10,Grand i10 Nios,Hatchback,Diesel,999,Manual,5,19.7,13464,26524.08,17.4,3.9,11182,5,3
2023-01,Venue,SUV,Petrol,999,Manual,5,14.32,14635,20957.32,17.4,4.5,6023,5,3
2023-04,Creta,SUV,Petrol,1999,Automatic,5,12.27,14034,17219.72,15.1,4.6,7277,3,4
2023-04,Alcazar,SUV,Petrol,1999,Manual,5,20.64,7352,15174.53,17.2,4.6,7636,3,3
2024-09,i20,Hatchback,Petrol,999,Manual,7,13.71,10679,14640.91,19.4,4.5,11417,5,4
2023-11,i20,Hatchback,Diesel,1197,Automatic,7,16.74,10816,18105.98,18.7,4.4,10078,3,3
2023-06,Tucson,SUV,Diesel,999,Automatic,5,23.18,11867,27507.71,20.7,3.5,9126,5,3
2023-06,Exter,SUV,Petrol,1999,Manual,5,10.89,6657,7249.47,15.3,3.9,5661,5,5
2023-04,Alcazar,SUV,Petrol,1497,Manual,5,15.93,8132,12954.28,16.3,4,11700,,5
2024-01,Exter,SUV,Petrol,1999,Automatic,7,9.13,3434,3135.24,18.2,4.1,7270,3,4
2023-12,Grand i10 Nios,Hatchback,Diesel,1999,Manual,7,11.06,1367,1511.9,16.8,4.7,4906,3,5
2024-08,Creta,SUV,Petrol,1999,Automatic,5,22.18,2736,6068.45,16.5,4.3,8074,3,3
2024-11,i20,Hatchback,Diesel,999,Manual,5,17.71,7463,13216.97,18.8,3.9,8813,5,3
2023-11,Grand i10 Nios,Hatchback,Petrol,1999,Automatic,7,16.23,13917,22587.29,20.1,3.5,7195,3,5
2023-07,Exter,SUV,Petrol,999,Automatic,5,20.5,13498,27670.9,20.9,4.1,5484,3,3
2024-10,Creta,SUV,Petrol,999,Manual,5,17.78,4069,7234.68,21,3.7,6806,3,5
2023-07,Creta,SUV,Diesel,999,Manual,5,19.79,6260,12388.54,20,4.6,6934,5,3
2023-11,Tucson,SUV,Petrol,1999,Manual,5,9.28,6130,5688.64,17.6,4.8,11572,3,3
2023-07,Aura,Sedan,Petrol,1999,Automatic,5,21.75,4518,9826.65,16.8,4.5,11441,3,3
2023-10,Aura,Sedan,Petrol,999,Automatic,5,20.28,12049,24435.37,20.8,4.5,10311,5,3
2024-02,Grand i10 Nios,Hatchback,Petrol,1999,Automatic,7,24.14,13005,31394.07,21,4.4,10453,5,3
2024-07,Aura,Sedan,Petrol,999,Automatic,5,21.37,2025,4327.43,15,3.6,9517,3,3
2024-05,Verna,Sedan,Petrol,1999,Automatic,5,16.74,6582,11018.27,17.6,4,11490,5,3
2023-01,Venue,SUV,Diesel,999,Automatic,5,8.2,1560,1279.2,19.4,4.8,8975,3,5
2023-06,Venue,SUV,Diesel,1497,Automatic,5,13.37,2615,3496.25,17.6,3.9,9256,5,3
2023-02,Alcazar,SUV,Diesel,999,Automatic,5,9.81,5951,5837.93,19.5,4,8011,5,3
2023-01,Aura,Sedan,Petrol,999,Automatic,5,9.07,9610,8716.27,18.7,4,4808,3,4
2024-02,Aura,Sedan,Petrol,1497,Automatic,5,9.2,4290,3946.8,18.6,4.7,7848,3,3
2023-11,Exter,SUV,Diesel,1999,Automatic,5,11.53,9890,11403.17,17.5,4.6,7698,,4
2024-11,Venue,SUV,Petrol,999,Automatic,5,19.67,6932,13635.24,16,3.9,10894,5,4
2023-02,Exter,SUV,Diesel,1999,Automatic,5,12.75,4887,6230.93,18.3,3.6,8392,5,5
2024-01,Grand i10 Nios,Hatchback,Petrol,1999,Manual,5,24.46,3353,8201.44,15.2,4,11496,3,5
2024-08,Exter,SUV,Diesel,999,Automatic,5,12.52,13799,17276.35,19.4,3.5,11245,5,3
2024-01,Creta,SUV,Petrol,1999,Manual,7,23.28,5369,12499.03,16.4,3.9,10741,3,5
2023-09,Tucson,SUV,Diesel,1497,Manual,7,9.3,14185,13192.05,19.5,3.7,6016,3,5
2024-10,Exter,SUV,Petrol,1197,Manual,7,15.48,12466,19297.37,15.7,3.7,4834,5,4
2023-12,Exter,SUV,Diesel,999,Automatic,5,14.12,732,1033.58,17.2,4,4953,5,5
2024-12,Venue,SUV,Diesel,1197,Manual,7,6.32,7490,4733.68,18,3.9,4849,5,4
2024-10,Verna,Sedan,Petrol,1197,Manual,5,10.14,3362,3409.07,19.3,3.9,4519,5,4
2023-03,Grand i10 Nios,Hatchback,Diesel,999,Manual,5,9.43,8594,8104.14,16.6,4.2,10167,3,4
2024-09,Aura,Sedan,Petrol,1999,Automatic,7,9.21,9928,9143.69,17.5,4.6,10900,3,4
2024-06,Aura,Sedan,Petrol,1497,Automatic,5,7.34,4705,3453.47,18,4.3,11906,5,4
2023-06,Exter,SUV,Diesel,1999,Automatic,5,16.91,9901,16742.59,15.2,4.3,7739,3,5
2023-12,Venue,SUV,Diesel,999,Manual,5,22.2,11097,24635.34,18.9,4.5,4287,3,5
2024-02,Grand i10 Nios,Hatchback,Diesel,1999,Manual,5,12.6,12537,15796.62,16,4.5,7908,5,4
2024-04,Exter,SUV,Petrol,1197,Automatic,7,22.5,13994,31486.5,19.5,3.5,6960,3,4
2024-03,Venue,SUV,Petrol,1497,Manual,7,10.4,4653,4839.12,20.8,4.8,11944,5,4
2024-10,Venue,SUV,Petrol,1999,Automatic,7,13.73,1096,1504.81,18.2,3.6,8058,5,5
2024-05,Venue,SUV,Petrol,1197,Automatic,5,23.4,2561,5992.74,21.3,3.8,7313,,4
2024-12,Aura,Sedan,Petrol,1999,Manual,7,16.4,5233,8582.12,21.9,4.5,6132,5,5
2024-11,Tucson,SUV,Petrol,1497,Manual,5,22.7,6627,15043.29,21.2,4,10233,3,4
2024-02,Exter,SUV,Diesel,1999,Manual,5,19.02,7389,14053.88,17,4.4,7223,5,5
2023-09,Aura,Sedan,Diesel,999,Manual,5,14.76,3166,4673.02,16.6,4.4,7139,5,5
2024-04,i20,Hatchback,Diesel,1497,Manual,5,6.64,3140,2084.96,20.7,4.2,7467,5,5
2023-02,Creta,SUV,Petrol,1197,Manual,7,6.88,14639,10071.63,,4.7,5011,5,5
2024-10,Verna,Sedan,Petrol,1197,Automatic,5,12.63,8290,10470.27,20,4.4,5119,5,3
2024-11,Creta,SUV,Petrol,1999,Automatic,5,8.14,13217,10758.64,16.9,4.1,8684,3,5
2024-11,Alcazar,SUV,Diesel,1999,Automatic,5,17.44,7075,12338.8,20.2,3.7,10292,3,3
2024-06,Tucson,SUV,Petrol,1497,Automatic,5,13.67,11928,16305.58,18.5,4.1,4105,5,5
2024-07,Grand i10 Nios,Hatchback,Petrol,1197,Automatic,5,6.72,1379,926.69,20.4,4.4,11605,3,4
2023-11,Aura,Sedan,Diesel,1999,Automatic,5,13.71,1985,2721.44,20,4.4,9424,5,4
2024-08,Verna,Sedan,Petrol,1999,Automatic,5,19.85,2707,5373.4,17.6,3.9,11725,3,4
2023-10,Venue,SUV,Petrol,1497,Automatic,5,15.11,14214,21477.35,20.5,3.9,7870,5,3
2023-08,Alcazar,SUV,Diesel,1999,Automatic,7,16.72,12065,20172.68,21.5,4.1,8059,5,3
2023-01,Aura,Sedan,Diesel,1197,Manual,5,15.81,2520,3984.12,18.4,4,10674,3,3
2024-02,Tucson,SUV,Diesel,1497,Manual,5,6.09,13948,8494.33,16.2,4.8,11472,3,4
2024-07,Venue,SUV,Diesel,999,Manual,5,8.67,4375,3793.12,18.5,4.6,10546,3,3
2023-03,Creta,SUV,Petrol,1497,Automatic,5,23.04,7386,17017.34,16.1,4,7231,5,3
2024-08,Exter,SUV,Diesel,1197,Automatic,5,8.17,680,555.56,17.7,4.2,9560,3,5
2024-11,Venue,SUV,Petrol,1197,Automatic,5,9.24,9925,9170.7,18.6,4.7,11364,5,4
2023-04,Aura,Sedan,Diesel,1497,Manual,7,18.83,9567,18014.66,21.9,4.3,5914,5,5
2024-04,i20,Hatchback,Petrol,999,Automatic,5,22.07,5043,11129.9,18.5,3.7,9195,3,4
2023-10,Venue,SUV,Diesel,999,Automatic,5,24.27,7138,17323.93,19.4,4.3,8705,3,5
2023-01,Venue,SUV,Petrol,1999,Automatic,7,15.65,2164,3386.66,17.9,4.8,7980,5,4
2023-02,Creta,SUV,Diesel,1497,Automatic,5,24.08,5694,13711.15,15,3.6,7097,3,5
2023-04,Alcazar,SUV,Diesel,1497,Automatic,5,12.61,11649,14689.39,17.5,3.5,11637,3,4
2023-08,Alcazar,SUV,Diesel,1999,Automatic,5,13.38,9867,13202.05,19.2,4.7,11434,5,5
2024-06,Creta,SUV,Diesel,999,Automatic,7,16.99,2801,4758.9,18.8,3.5,9362,5,4
2023-11,i20,Hatchback,Diesel,999,Manual,5,9.93,5056,5020.61,21.6,4.2,8446,3,4
2023-02,Alcazar,SUV,Diesel,1197,Manual,5,22.15,10670,23634.05,19.5,3.9,9055,3,3
2023-11,Venue,SUV,Diesel,1197,Manual,5,7.03,10024,7046.87,17.3,3.9,4935,3,3
2023-06,Exter,SUV,Petrol,1999,Manual,7,24.3,9753,23699.79,16.4,3.7,7917,3,3
2024-01,Aura,Sedan,Petrol,999,Automatic,5,8.72,533,464.78,21.9,4.7,5694,3,4
2024-05,Aura,Sedan,Diesel,1497,Manual,5,7.05,14868,10481.94,,3.9,7109,3,5
2023-01,i20,Hatchback,Diesel,1497,Automatic,5,10.42,4472,4659.82,19.9,3.9,11758,5,5
2023-07,Tucson,SUV,Diesel,999,Manual,5,24.68,2300,5676.4,18.5,4.8,5724,5,5
2023-01,Alcazar,SUV,Petrol,1999,Manual,5,18.36,6153,11296.91,17.2,3.9,7444,5,5
2024-05,Verna,Sedan,Diesel,1197,Manual,5,14.08,2518,3545.34,16.9,3.5,8503,3,4
2024-12,Verna,Sedan,Petrol,999,Manual,5,15.86,3323,5270.28,15.6,4.2,4230,5,5
2024-05,Tucson,SUV,Petrol,1497,Automatic,5,9.68,14393,13932.42,20,3.5,7046,5,3
2023-10,i20,Hatchback,Petrol,1999,Automatic,7,16.25,7220,11732.5,17,4.3,5874,5,4
2024-04,Grand i10 Nios,Hatchback,Diesel,1999,Automatic,5,8.5,7546,6414.1,20.6,3.8,9346,3,4
2023-01,Creta,SUV,Diesel,1999,Automatic,5,15.44,6780,10468.32,17.7,3.7,8335,3,5
2024-05,i20,Hatchback,Diesel,1497,Manual,5,9.32,7432,6926.62,18.1,4.5,9382,5,5
2023-12,Alcazar,SUV,Petrol,1999,Manual,5,12.59,13891,17488.77,15.9,3.8,6901,3,4
2023-07,Exter,SUV,Petrol,1197,Automatic,7,24.51,686,1681.39,17.8,4.2,11593,5,4
2024-08,Venue,SUV,Petrol,1999,Automatic,5,16.43,10058,16525.29,17,4.1,9412,5,5
2023-03,Tucson,SUV,Petrol,999,Automatic,5,23.37,6620,15470.94,17.2,4.5,10033,3,5
2024-08,Creta,SUV,Petrol,1999,Manual,5,22.41,12276,27510.52,,4.7,5848,3,3
2023-01,Creta,SUV,Diesel,1497,Automatic,5,6.8,6472,4400.96,15.1,4.3,5903,3,3
2024-12,Grand i10 Nios,Hatchback,Petrol,1497,Automatic,5,17.47,9357,16346.68,17.5,4,7123,5,3
2024-07,Grand i10 Nios,Hatchback,Diesel,999,Manual,5,13.04,6672,8700.29,18.5,3.9,11670,3,3
2023-06,Exter,SUV,Diesel,1999,Manual,5,17.07,9198,15700.99,21,4.6,9455,5,5
2024-10,Exter,SUV,Petrol,1197,Automatic,5,23,14625,33637.5,19.2,4.2,10854,3,5
2023-08,Grand i10 Nios,Hatchback,Diesel,1197,Manual,5,21.58,12115,26144.17,18.6,3.9,8471,5,5
2023-12,Creta,SUV,Petrol,1999,Manual,5,17.24,4667,8045.91,21.9,4.3,11153,5,4
2023-11,Grand i10 Nios,Hatchback,Diesel,1999,Manual,5,11.01,773,,20.2,4.2,10981,5,3
2024-03,Creta,SUV,Petrol,1999,Manual,5,22.76,13346,30375.5,15.9,4.3,6435,5,3
2023-04,Aura,Sedan,Petrol,1197,Manual,7,21.59,11387,24584.53,19,4.2,10421,3,5
2023-10,Creta,SUV,Petrol,1197,Manual,5,13.69,10425,14271.83,18.2,3.8,9320,5,5
2024-10,i20,Hatchback,Diesel,999,Automatic,5,7.9,13577,10725.83,17.1,3.7,8701,3,5
2024-08,Creta,SUV,Petrol,1999,Manual,7,19.29,4960,9567.84,15.7,4.2,8470,5,4
2023-05,Verna,Sedan,Petrol,999,Automatic,7,12.33,5822,7178.53,19.6,4,6589,3,3
2024-02,i20,Hatchback,Petrol,1999,Manual,5,16.75,14931,25009.42,21,4.3,9236,5,3
2024-10,Aura,Sedan,Diesel,1999,Manual,7,12.93,1139,1472.73,16.7,3.5,8521,3,4
2024-08,Tucson,SUV,Diesel,999,Manual,5,21.94,11965,26251.21,18,3.7,8097,5,4
2023-08,Tucson,SUV,Diesel,999,Automatic,5,22.34,12065,26953.21,15.4,4.6,10027,3,4
2024-06,Aura,Sedan,Petrol,1497,Manual,5,20.29,3884,7880.64,21.8,4.2,5544,3,4
2024-04,Verna,Sedan,Petrol,1497,Manual,5,12.06,7126,8593.96,19.3,3.6,11724,3,3
2024-12,Venue,SUV,Diesel,1999,Manual,7,17.38,5223,9077.57,17.5,3.6,8346,5,4
2023-08,Grand i10 Nios,Hatchback,Petrol,1999,Automatic,5,11.85,6519,7725.01,21.1,4.4,4045,5,3
2023-10,Venue,SUV,Diesel,1999,Manual,5,8.48,6694,5676.51,15.2,3.8,7239,5,3
2024-11,Tucson,SUV,Petrol,1197,Automatic,5,22.09,9267,20470.8,15.7,4.6,4724,3,5
2023-08,Venue,SUV,Petrol,1999,Manual,5,14.34,14320,20534.88,18.3,4.3,6694,5,4
2024-10,Creta,SUV,Petrol,1999,Automatic,5,22.57,7393,16686,19.2,4.6,4538,3,3
2023-02,i20,Hatchback,Petrol,1999,Automatic,5,15.42,9222,14220.32,17.1,4.4,4651,5,3
2024-06,Alcazar,SUV,Diesel,1999,Automatic,5,14.45,10036,14502.02,21.9,4.7,10046,5,4
2023-12,Tucson,SUV,Petrol,999,Automatic,5,11.55,6549,7564.1,15.8,3.6,4234,3,5
2023-03,Tucson,SUV,Diesel,999,Automatic,5,7.44,4747,3531.77,15.9,4.7,4140,5,5
2023-09,Aura,Sedan,Diesel,999,Automatic,5,18.8,,,18.5,3.8,7863,5,4
2023-05,Alcazar,SUV,Diesel,1497,Automatic,5,21.36,2966,6335.38,21.3,3.8,11101,5,5
2024-06,Exter,SUV,Petrol,999,Automatic,5,23.81,2178,5185.82,20.1,4.7,11641,3,5
2023-07,Exter,SUV,Petrol,1999,Manual,5,9.29,9536,8858.94,16.4,3.6,11341,5,4
2024-07,Grand i10 Nios,Hatchback,Petrol,1999,Automatic,5,20.88,3824,7984.51,21.5,4.6,4889,3,3
2024-07,Tucson,SUV,Petrol,1497,Manual,5,13.87,2225,3086.07,15.8,3.7,6531,5,4
2023-07,Aura,Sedan,Petrol,1197,Manual,7,8.45,10682,9026.29,17.7,4.1,10330,5,5
2023-10,Aura,Sedan,Diesel,1197,Automatic,5,23.19,14280,33115.32,19.7,3.6,11423,5,3
2024-11,Verna,Sedan,Diesel,1197,Automatic,5,18.04,9504,17145.22,19.6,4.2,10626,3,3
2024-01,Creta,SUV,Petrol,1197,Manual,5,18.92,14230,26923.16,15,4.3,9108,5,4
2024-04,Aura,Sedan,Diesel,1999,Manual,7,10.01,3140,3143.14,19,4.3,7222,5,5
2023-05,i20,Hatchback,Diesel,1497,Manual,5,17.32,14826,25678.63,15.4,4.4,7376,5,3
2024-06,Venue,SUV,Petrol,1999,Automatic,5,12.46,8685,10821.51,19.8,4.1,4397,5,5
2024-06,Alcazar,SUV,Diesel,1197,Manual,7,11.84,7532,8917.89,18.6,4.3,6150,3,5
2024-01,Alcazar,SUV,Diesel,999,Manual,5,21.09,11776,24835.58,17.8,4.7,4961,3,5
2024-09,Verna,Sedan,Diesel,1999,Manual,5,14.96,2966,4437.14,17.4,3.6,5955,5,3
2024-06,Creta,SUV,Diesel,1197,Manual,5,11.4,10620,12106.8,15.3,4.7,5559,5,5
2024-03,Grand i10 Nios,Hatchback,Petrol,1999,Manual,5,8.56,9044,7741.66,21,4.2,9759,3,5
2023-12,Grand i10 Nios,Hatchback,Diesel,1197,Manual,7,16.68,4578,7636.1,18.5,3.7,9986,5,5
2023-09,i20,Hatchback,Petrol,1999,Automatic,7,17.46,3677,6420.04,18.3,4.1,11606,3,5
2023-08,Exter,SUV,Petrol,1999,Automatic,5,14.71,12199,17944.73,16.5,3.7,7130,5,3
2024-09,Creta,SUV,Petrol,999,Manual,5,10.81,11283,12196.92,19.6,3.7,9653,5,3
2024-04,Verna,Sedan,Diesel,999,Manual,5,19,2858,5430.2,16.9,4.2,10228,3,4
2023-03,Grand i10 Nios,Hatchback,Diesel,1497,Manual,7,12.84,13917,17869.43,17.9,4.6,5695,5,3
2023-10,Aura,Sedan,Petrol,1999,Manual,5,18.34,10385,19046.09,19.8,4.5,7963,5,4
2023-04,Tucson,SUV,Petrol,1197,Manual,7,8.74,8368,7313.63,17.4,4.6,7220,5,4
2023-02,Exter,SUV,Diesel,999,Manual,5,11.11,11918,13240.9,15.2,4.7,6930,3,5
2023-01,Tucson,SUV,Diesel,1197,Manual,5,22.37,8989,20108.39,17.2,4.7,6570,3,3
2023-10,Alcazar,SUV,Petrol,999,Manual,5,16.87,11885,20050,16.3,4,11332,3,4
2024-07,Tucson,SUV,Petrol,1197,Manual,5,21.29,978,2082.16,18,4,8572,5,4
2023-09,Venue,SUV,Diesel,999,Automatic,7,,12016,12905.18,17.1,4.4,10552,3,5
2023-04,Venue,SUV,Diesel,1999,Automatic,,16,11889,19022.4,15.6,4.3,11251,3,5
2024-04,Alcazar,SUV,Diesel,1197,Manual,5,16.92,4671,7903.33,16.2,4.7,6805,3,4
2024-05,Alcazar,SUV,Diesel,1999,Manual,5,11.23,14844,16669.81,18.3,4.7,11940,5,5
2023-04,Verna,Sedan,Petrol,999,Automatic,5,22.96,13557,31126.87,19.1,4.1,9325,5,4
2024-08,Creta,SUV,Petrol,1999,Manual,5,15.59,2977,4641.14,16,3.8,5252,3,4
2024-10,Venue,SUV,Diesel,1197,Automatic,5,22.69,14651,33243.12,17.6,3.6,4900,3,5
2024-05,Creta,SUV,Diesel,999,Manual,5,17.71,14867,26329.46,18.4,4.1,9807,5,3
2024-01,Grand i10 Nios,Hatchback,Petrol,1497,Manual,7,17.43,7677,13381.01,21.1,4.8,7067,5,3
2023-07,i20,Hatchback,Petrol,999,Automatic,5,9.26,6814,6309.76,16.6,3.9,6700,3,4
2024-03,Grand i10 Nios,Hatchback,Petrol,999,Manual,5,21.05,13711,28861.65,17.7,4.6,10485,3,4
2023-10,Verna,Sedan,Diesel,999,Automatic,5,14.97,3792,5676.62,15.7,3.9,6045,3,5
2023-02,Aura,Sedan,Diesel,1197,Automatic,5,24.14,2195,5298.73,20.8,3.9,11902,5,5
2024-12,Tucson,SUV,Petrol,1999,Manual,5,13.52,6849,9259.85,15.2,4,9656,3,4
2024-11,Creta,SUV,Diesel,1197,Automatic,5,9.28,4855,4505.44,16.6,3.8,9735,5,3
2023-10,i20,Hatchback,Diesel,999,Automatic,5,11.52,3576,4119.55,21.7,3.8,7599,3,5
2023-10,Venue,SUV,Diesel,999,Manual,7,7.54,1388,1046.55,20,4.4,8577,5,3
2024-04,Verna,Sedan,Petrol,1497,Manual,5,13.08,12629,16518.73,18.6,4,6934,5,3
2024-09,Exter,SUV,Diesel,1999,Manual,5,8.28,8757,7250.8,20.8,4.7,9155,3,5
2023-07,i20,Hatchback,Diesel,1497,Automatic,5,13.72,12336,16924.99,21.4,3.7,9243,5,5
2024-12,Creta,SUV,Petrol,1497,Manual,5,10.34,2719,2811.45,17.5,3.9,4121,3,4
2024-10,Alcazar,SUV,Petrol,999,Manual,5,10.39,13009,13516.35,20.1,4.7,4071,5,5
2024-10,Aura,Sedan,Petrol,1999,Manual,5,15.66,10050,15738.3,21.7,3.8,7238,5,4
2024-06,Tucson,SUV,Petrol,1999,Automatic,5,20.04,7070,14168.28,20.5,4.4,9215,3,4
2024-04,Tucson,SUV,Diesel,1497,Automatic,5,24.58,648,1592.78,19.2,3.7,8094,3,5
2023-01,Venue,SUV,Diesel,1497,Automatic,5,16.66,11806,19668.8,18.8,4.7,10724,3,3
2023-08,Tucson,SUV,Diesel,999,Automatic,7,17.38,1357,2358.47,15.4,4.8,6067,3,5
2024-09,Tucson,SUV,Petrol,1497,Manual,,13.02,12238,15933.88,18.1,4.3,7968,5,3
2024-03,Creta,SUV,Diesel,1197,Manual,5,9.67,2657,2569.32,15.5,4.5,6721,5,4
2024-12,Tucson,SUV,Petrol,1497,Automatic,7,20.44,13527,27649.19,21.8,4.7,7976,3,4
2024-01,i20,Hatchback,Diesel,1497,Automatic,5,24.62,1096,2698.35,18.1,4.8,6125,5,5
2023-08,Creta,SUV,Diesel,1999,Automatic,7,6.13,11860,7270.18,17.8,4.8,7706,5,4
2024-03,Verna,Sedan,Diesel,999,Automatic,7,10.97,7687,8432.64,16.7,4.2,10497,3,4
2023-02,Creta,SUV,Petrol,1497,Manual,5,7.53,7570,5700.21,16.5,4.6,6425,3,3
2024-04,Exter,SUV,Petrol,999,Manual,5,14.32,3113,,15.9,4.4,8632,5,5
2024-07,i20,Hatchback,Petrol,1497,Automatic,5,11.94,12552,14987.09,20.5,3.7,8483,5,3
2024-06,i20,Hatchback,Petrol,1197,Automatic,5,13.72,12760,17506.72,21.6,4.6,5278,5,5
2023-08,Exter,SUV,Petrol,1999,Manual,5,8.05,6392,5145.56,15.8,4.6,11470,5,4
2024-07,Grand i10 Nios,Hatchback,Diesel,1999,Manual,5,18.46,4442,8199.93,20.3,4,10148,5,3
2024-07,Creta,SUV,Petrol,1197,Automatic,,17.63,12119,21365.8,19,4.3,6095,3,5
2024-11,Aura,Sedan,Petrol,1497,Automatic,5,19.93,989,1971.08,20.3,4.5,11884,5,3
2023-07,Venue,SUV,Diesel,999,Automatic,5,9.7,14143,13718.71,21.2,4.4,7925,3,5
2023-02,Tucson,SUV,Petrol,1497,Automatic,5,15.89,6034,9588.03,21.7,4.6,7897,3,4
2023-06,Exter,SUV,Diesel,999,Manual,5,21.17,1634,3459.18,17.7,4.5,6617,5,5
2023-12,Verna,Sedan,Diesel,999,Manual,5,21.03,4472,9404.62,17.2,4.2,8058,5,5
2024-03,Tucson,SUV,Diesel,1999,Manual,5,8.58,2759,2367.22,18.5,3.9,8706,3,4
2024-03,Aura,Sedan,Diesel,999,Manual,7,14.1,5844,8240.04,19.6,4.5,4344,3,4
2024-09,Venue,SUV,Diesel,1197,Automatic,5,19.87,12375,24589.12,20.7,4.4,6678,5,3
2024-12,Venue,SUV,Petrol,1999,Manual,5,18.24,6881,12550.94,15.5,4.1,4431,3,4
2023-11,Verna,Sedan,Diesel,999,Automatic,5,13.34,4614,6155.08,17.9,3.9,9293,5,3
2023-03,i20,Hatchback,Petrol,1999,Manual,5,13.31,10486,13956.87,20.9,4.6,11494,3,3
2023-03,Creta,SUV,Diesel,1197,Automatic,7,10.1,11463,11577.63,15.6,4.5,5934,3,4
2023-06,Exter,SUV,Diesel,1197,Automatic,5,11.66,4660,5433.56,16,4.8,7757,3,4
2024-05,Exter,SUV,Diesel,1497,Automatic,5,21.65,9552,20680.08,18.2,3.7,10671,5,4
2024-07,i20,Hatchback,Petrol,1197,Manual,7,15.72,10045,15790.74,16.4,4.8,11763,3,3
2023-04,Tucson,SUV,Diesel,1497,Automatic,5,19.77,12109,23939.49,15.9,4.8,11154,5,5
2024-12,i20,Hatchback,Petrol,1999,Automatic,5,7.45,2513,1872.19,20.4,4.7,9432,3,4
2024-08,Tucson,SUV,Diesel,1999,Automatic,5,24.28,4615,11205.22,21.9,4.1,8372,3,4
2023-04,Tucson,SUV,Diesel,1999,Automatic,5,8.87,,11287.96,20.8,4,10934,5,5
2023-05,Grand i10 Nios,Hatchback,Diesel,1999,Manual,5,20.53,13669,28062.46,16.9,3.9,10335,5,3
2023-10,Exter,SUV,Petrol,1497,Automatic,7,13.77,14247,19618.12,16.3,4.5,8923,3,4
2023-09,Tucson,SUV,Diesel,1999,Manual,5,12.81,12444,,15.8,3.7,7636,3,5
2024-08,Verna,Sedan,Diesel,1197,Manual,5,20.63,13967,28813.92,21.6,4.5,10721,5,4
2024-04,Venue,SUV,Diesel,1999,Automatic,5,6.97,11482,8002.95,21.7,3.8,6553,5,4
2024-10,Grand i10 Nios,Hatchback,Diesel,999,Manual,,9.75,2306,2248.35,17.6,4.7,5176,5,3
2024-07,Tucson,SUV,Petrol,1197,Manual,5,13.23,4090,5411.07,18.6,4,7059,3,5
2023-10,Verna,Sedan,Diesel,1999,Manual,,24.27,7487,18170.95,20.8,4.3,11514,5,3
2024-01,Aura,Sedan,Diesel,999,Manual,5,7,13359,9351.3,19.8,4.2,7265,5,5
2023-02,Venue,SUV,Petrol,1999,Manual,5,16.09,5397,8683.77,22,4,11967,3,4
2024-11,Verna,Sedan,Petrol,999,Automatic,5,18.76,1691,3172.32,16.2,4.6,6958,5,3
2024-12,Alcazar,SUV,Petrol,999,Automatic,5,8.82,1868,1647.58,16.3,3.5,5760,5,5
2024-04,Alcazar,SUV,Diesel,999,Automatic,5,11.03,5921,6530.86,21.9,3.5,8637,5,5
2023-01,i20,Hatchback,Diesel,1197,Automatic,5,24.61,2976,7323.94,17.6,4.1,10819,3,4
2024-11,Verna,Sedan,Diesel,1999,Manual,5,21.69,6335,13740.61,16.3,3.6,9156,3,5
2023-11,Aura,Sedan,Diesel,999,Manual,5,15.42,8439,13012.94,19.9,4.5,11885,3,3
2024-12,Grand i10 Nios,Hatchback,Petrol,999,Manual,5,17.87,5473,9780.25,16.6,3.6,7122,3,5
2024-09,Venue,SUV,Petrol,999,Automatic,5,14.2,3551,5042.42,18.5,3.8,9070,3,3
2023-03,i20,Hatchback,Petrol,1197,Automatic,7,11.76,5433,6389.21,20.3,4,10716,3,4
2024-01,i20,Hatchback,Diesel,1197,Manual,5,22.1,12458,27532.18,16.4,4.7,11313,3,5
2024-10,Aura,Sedan,Diesel,999,Automatic,5,19.25,4743,9130.27,21.1,3.5,7194,5,4
2024-04,Venue,SUV,Petrol,1999,Manual,5,12.06,6898,8318.99,19.3,4.2,10121,5,3
2024-02,Aura,Sedan,Petrol,1497,Manual,5,12.2,2226,2715.72,18.5,4.4,11010,5,3
2023-10,Aura,Sedan,Diesel,999,Automatic,5,,2766,5819.66,19.9,3.9,8643,3,4
2024-05,Exter,SUV,Petrol,999,Manual,5,16.41,11667,19145.55,15.1,3.9,6643,5,5
2023-04,Exter,SUV,Diesel,1197,Manual,7,15.2,11899,18086.48,15.5,4.6,5027,5,3
2023-04,Alcazar,SUV,Diesel,1197,Automatic,5,9.38,14810,13891.78,18.5,4.5,10388,5,3
2023-03,Alcazar,SUV,Petrol,1999,Manual,5,18.85,2914,5492.89,16.4,4.2,8284,3,5
2023-04,Alcazar,SUV,Diesel,1497,Automatic,5,6.93,6905,4785.16,16,3.8,10175,3,5
2024-02,Venue,SUV,Petrol,1497,Automatic,5,16.94,5048,8551.31,15.4,4.4,8481,3,4
2024-09,Grand i10 Nios,Hatchback,Diesel,1999,Automatic,5,6.71,3564,2391.44,18,4.3,9838,3,3
2023-03,Creta,SUV,Petrol,999,Automatic,5,11.11,9241,10266.75,19.9,4.4,9771,3,5
2023-10,Alcazar,SUV,Diesel,1497,Automatic,5,6.75,5550,3746.25,17.3,3.8,10703,3,5
2023-04,Verna,Sedan,Diesel,1197,Automatic,5,22.81,11505,26242.9,21,3.5,10025,5,3
2023-04,Venue,SUV,Petrol,1197,Manual,7,19.98,2970,5934.06,21.9,4.4,10740,5,4
2024-04,i20,Hatchback,Diesel,1197,Manual,7,23.02,10613,24431.13,19.2,4.7,4269,5,5
2023-02,Aura,Sedan,Petrol,1197,Manual,5,22.16,2460,5451.36,19,4.6,10787,5,4
2023-05,i20,Hatchback,Petrol,1497,Automatic,7,20.11,12197,24528.17,16.8,3.7,10431,3,5
2023-01,i20,Hatchback,Diesel,1999,Manual,7,17.52,11734,20557.97,20.1,4.4,5713,3,3
2023-10,Tucson,SUV,Diesel,1197,Manual,5,12.45,2851,3549.49,16,4,9424,3,3
2023-11,Verna,Sedan,Petrol,1497,Automatic,5,16.25,4967,8071.38,17.3,4.6,11509,3,4
2024-11,Creta,SUV,Diesel,1197,Manual,7,24.44,1402,3426.49,15.7,4.5,11615,5,5
2024-08,Verna,Sedan,Petrol,999,Manual,5,7.13,3344,2384.27,17.6,4.1,6167,3,3
2024-03,Grand i10 Nios,Hatchback,Petrol,999,Manual,5,13.17,6239,8216.76,15.8,3.7,9337,5,5
2024-07,Creta,SUV,Diesel,1497,Manual,5,7.88,3234,2548.39,16.6,3.6,9503,3,4
2024-12,Tucson,SUV,Diesel,1197,Automatic,5,23.36,12308,28751.49,16.9,4.3,9021,5,3
2024-01,Alcazar,SUV,Diesel,999,Automatic,5,21.78,8887,19355.89,19.7,4.1,9290,3,5
2024-06,Verna,Sedan,Petrol,999,Automatic,5,19.3,6441,12431.13,15.7,3.9,5763,3,5
2023-10,Venue,SUV,Diesel,1197,Automatic,5,20.11,7385,14851.24,17.3,4.2,5375,3,4
2023-02,Creta,SUV,Diesel,1999,Automatic,5,9.48,7002,6637.9,20.3,4.3,11206,5,3
2023-09,Tucson,SUV,Diesel,1197,Manual,5,21.21,8920,18919.32,18.1,4.3,5100,5,3
2023-11,Venue,SUV,Diesel,1999,Automatic,5,22.38,5019,11232.52,21.7,4.4,7928,3,5
2024-02,Venue,SUV,Diesel,1197,Automatic,5,23.84,4839,11536.18,21.8,4.7,6001,3,3
2024-07,Verna,Sedan,Petrol,999,Automatic,5,18.07,14518,26234.03,18.4,3.9,4580,5,3
2024-02,Alcazar,SUV,Diesel,999,Automatic,5,17.18,579,994.72,17.8,4.7,7370,5,3
2024-03,Creta,SUV,Diesel,999,Manual,5,12.65,6427,8130.16,18.4,4.6,6183,3,3
2024-07,Grand i10 Nios,Hatchback,Diesel,999,Manual,5,21.9,9746,21343.74,21.2,4.3,7791,5,4
2023-10,Venue,SUV,Diesel,999,Manual,5,13.4,5655,7577.7,16.5,4.7,10745,5,3
2023-11,Verna,Sedan,Petrol,999,Manual,5,21.8,4644,10123.92,15.1,4.7,8636,3,3
2024-12,Aura,Sedan,Petrol,1197,Automatic,5,9.1,2963,2696.33,19.4,4.6,8275,3,3
2023-08,Aura,Sedan,Petrol,999,Manual,5,21.87,1269,2775.3,21.7,3.8,6849,5,4
2023-11,Aura,Sedan,Petrol,999,Manual,5,24.81,2354,,18.3,3.8,6876,3,3
2024-11,i20,Hatchback,Diesel,1999,Manual,5,13.42,7659,10278.38,19.4,3.8,6289,3,3
2024-02,i20,Hatchback,Petrol,1999,Manual,5,16.33,1047,1709.75,17.1,4,11851,3,5
2023-04,Verna,Sedan,Diesel,999,Automatic,5,13.98,14349,20059.9,17.5,3.7,7950,5,5
2023-06,Venue,SUV,Diesel,999,Manual,5,19.11,5961,11391.47,18.7,4.1,7338,3,3
2023-08,Tucson,SUV,Diesel,999,Automatic,5,12.2,6001,7321.22,19.4,4.1,5848,5,3
2023-06,Verna,Sedan,Petrol,999,Automatic,7,18.97,11368,21565.1,15.8,3.6,8337,3,3
2023-04,i20,Hatchback,Petrol,1999,Manual,7,24.51,3233,7924.08,18,4,11633,3,5
2024-06,Venue,SUV,Petrol,999,Automatic,5,24.04,13052,31377.01,17,3.9,8907,5,3
2023-04,i20,Hatchback,Diesel,1197,Automatic,5,24.57,4611,11329.23,15,4.5,9541,3,5
2023-01,Alcazar,SUV,Petrol,1497,Manual,7,18.5,12719,23530.15,15.3,3.6,8770,5,4
2023-11,Verna,Sedan,Diesel,1999,Automatic,5,24.45,9883,24163.94,15.5,4.3,10734,5,3
2023-05,Verna,Sedan,Diesel,1197,Manual,5,11.66,5378,6270.75,16.5,4,5605,5,5
2023-02,Exter,SUV,Petrol,999,Automatic,5,24.31,2517,6118.83,15.1,4.4,5832,3,3
2024-01,Aura,Sedan,Petrol,1497,Manual,5,10.37,4435,4599.09,17.2,4.4,10580,5,5
2024-03,i20,Hatchback,Petrol,999,Automatic,5,7.92,10018,7934.26,21.9,4.8,11590,3,4
2023-01,Tucson,SUV,Petrol,999,Manual,5,6.49,8762,5686.54,21.7,4,5447,3,3
2024-04,Aura,Sedan,Diesel,1999,Manual,5,16.09,6219,10006.37,17.2,4.4,11213,3,4
2024-02,Alcazar,SUV,Diesel,999,Automatic,5,9.99,996,995,18.9,4,11314,3,5
2023-09,Grand i10 Nios,Hatchback,Diesel,1999,Automatic,7,22.65,8186,18541.29,17.4,4.6,8453,3,5
2024-09,Grand i10 Nios,Hatchback,Diesel,1197,Manual,5,14.12,1133,1599.8,16.5,4.4,10975,5,4
2023-06,Grand i10 Nios,Hatchback,Petrol,999,Automatic,5,11.52,4801,5530.75,20.3,4.8,9636,5,5
2024-12,Grand i10 Nios,Hatchback,Petrol,1197,Automatic,5,17.28,2714,4689.79,15.6,3.7,4177,5,5
2023-01,Tucson,SUV,Petrol,1197,Automatic,7,12.45,10473,13038.88,20.1,3.5,11658,5,4
2024-02,Aura,Sedan,Petrol,1999,Manual,5,12.09,6686,8083.37,16.8,3.6,4575,3,3
2023-05,Venue,SUV,Diesel,1497,Automatic,5,6.47,6584,4259.85,15.1,3.7,,5,5
2023-05,Aura,Sedan,Diesel,1999,Manual,5,17.61,9427,16600.95,17.5,4.4,11353,3,3
2024-01,Alcazar,SUV,Diesel,1999,Manual,7,23.04,14540,33500.16,16.6,4.4,10563,3,4
2023-05,Verna,Sedan,Diesel,1497,Manual,5,14.74,5038,7426.01,18.9,3.8,10592,3,5
2024-03,Verna,Sedan,Petrol,1497,Manual,5,20.89,4678,9772.34,18.2,4.4,5549,3,3
2023-05,Aura,Sedan,Diesel,1999,Manual,5,11.11,1390,,21.8,4,11215,5,4
2024-01,Verna,Sedan,Petrol,1197,Manual,5,17.14,4323,7409.62,20.1,4.5,7911,3,3
2023-09,Venue,SUV,Petrol,1999,Automatic,5,6.24,4433,2766.19,16.5,4.2,8213,3,4
2024-02,Exter,SUV,Diesel,999,Automatic,7,11.28,14714,16597.39,16.6,4.8,5297,3,4
2023-04,Venue,SUV,Petrol,999,Manual,5,21.63,1241,2684.28,17.7,4.7,6529,5,4
2023-10,Creta,SUV,Diesel,999,Automatic,5,6.01,7218,4338.02,19.6,4.1,7709,5,5
2023-12,Aura,Sedan,Diesel,1497,Manual,7,6.8,785,533.8,17.7,3.6,6178,3,4
2023-12,Venue,SUV,Diesel,999,Manual,7,14.7,6416,9431.52,21.4,3.8,5209,3,5
2023-08,Verna,Sedan,Diesel,1999,Automatic,7,11.1,8056,8942.16,15.8,4.2,5028,3,3
2023-01,Tucson,SUV,Diesel,1999,Automatic,7,18.27,5383,9834.74,18.5,3.5,11984,5,3
2023-01,Exter,SUV,Diesel,999,Automatic,5,11.17,14635,16347.3,18.5,3.6,10781,3,4
2023-12,Tucson,SUV,Diesel,999,Automatic,5,16.91,12117,20489.85,17.7,3.7,7985,3,4
2024-02,Venue,SUV,Petrol,1197,Automatic,5,13.21,9394,12409.47,16.6,4,6066,5,4
2024-04,Verna,Sedan,Petrol,999,Manual,5,11.07,10819,11976.63,16.1,4.3,4994,5,3
2023-02,Grand i10 Nios,Hatchback,Diesel,1999,Automatic,7,14.4,9464,13628.16,15.3,4.3,4107,5,3
2024-10,Grand i10 Nios,Hatchback,Petrol,1999,Automatic,7,17.01,4263,,17.9,4.7,11321,5,3
2023-10,Tucson,SUV,Petrol,999,Manual,5,13.35,2579,3442.97,15.3,4.6,9925,3,5
2023-12,i20,Hatchback,Petrol,1197,Automatic,5,14.61,13631,19914.89,15.3,4.2,10140,5,5
2023-06,Exter,SUV,Petrol,1999,Manual,5,6.89,12893,8883.28,21.9,4.4,5408,5,5
2024-12,Grand i10 Nios,Hatchback,Petrol,1999,Automatic,5,21.08,7649,16124.09,16.6,4.2,4313,3,4
2024-05,Alcazar,SUV,Petrol,1197,Manual,7,11.13,3916,4358.51,17.2,4.6,4393,5,5
2023-11,Verna,Sedan,Diesel,1197,Automatic,7,10.26,12159,12475.13,20.4,3.7,9644,3,5
2024-05,Verna,Sedan,Petrol,1197,Automatic,5,16.94,7439,12601.67,18.5,3.7,10505,5,5
2023-04,Tucson,SUV,Petrol,1999,Manual,5,19.33,8461,16355.11,15.9,4.7,7477,3,3
2024-06,i20,Hatchback,Petrol,999,Automatic,7,23.42,10277,24068.73,19.3,4.8,9813,5,4
2023-04,Grand i10 Nios,Hatchback,Petrol,1999,Automatic,5,24.21,14202,34383.04,20,3.8,11999,3,4
2023-05,Aura,Sedan,Petrol,999,Manual,5,21.63,10129,21909.03,19.2,4.7,11473,5,3
2023-06,i20,Hatchback,Petrol,1197,Automatic,5,10.61,9629,10216.37,16.2,4.7,8368,3,5
2024-12,Creta,SUV,Petrol,999,Manual,5,8.02,13352,10708.3,19,3.7,4503,5,4
2023-10,Grand i10 Nios,Hatchback,Diesel,999,Manual,5,20.39,3120,6361.68,21.6,3.8,11155,5,5
2023-11,Alcazar,SUV,Diesel,1497,Automatic,5,19.73,11927,23531.97,20.5,3.6,7904,3,4
2024-02,Creta,SUV,Diesel,1197,Automatic,5,20,5148,10296,21.5,3.7,5716,5,5
2023-12,Grand i10 Nios,Hatchback,Petrol,1999,Automatic,5,21.96,12257,26916.37,19.9,4.3,4092,5,5
2023-06,Aura,Sedan,Diesel,1497,Automatic,5,16.25,8039,13063.38,17.7,4.3,10896,5,5
2023-12,Verna,Sedan,Petrol,1999,Automatic,7,23.53,2380,5600.14,15.4,4.3,9531,5,4
2024-09,Tucson,SUV,Diesel,1497,Manual,5,12.63,10877,13737.65,17.7,3.7,6996,3,4
2023-07,Alcazar,SUV,Diesel,1197,Manual,5,10.76,13173,14174.15,16,3.7,5211,5,3
2023-01,Verna,Sedan,Petrol,1497,Manual,5,6.28,11657,7320.6,16.1,4.7,8507,5,3
2023-08,i20,Hatchback,Petrol,999,Automatic,5,23.75,2319,5507.62,20.7,4.6,4380,3,3
2024-09,Tucson,SUV,Diesel,1497,Automatic,5,10.92,4588,5010.1,19.1,4,8698,3,5
2023-07,Creta,SUV,Diesel,999,Manual,5,9.32,5554,5176.33,18.5,4.4,8722,3,5
2023-10,Creta,SUV,Diesel,1197,Automatic,5,19.59,8479,16610.36,15.3,4.3,5570,3,5
2023-09,Verna,Sedan,Diesel,999,Manual,7,21.31,4503,9595.89,20.9,4.6,4328,5,5
2023-01,Aura,Sedan,Diesel,1999,Manual,5,21.21,5567,11807.61,21.2,3.8,8332,5,5
2024-04,i20,Hatchback,Diesel,999,Manual,7,8.35,6664,5564.44,17.6,4.4,7161,5,5
2023-08,Venue,SUV,Diesel,999,Automatic,5,19.92,3544,7059.65,20.7,3.5,11943,3,4
2023-08,Alcazar,SUV,Diesel,999,Manual,5,7.18,7823,5616.91,16.6,4.7,5628,5,4
2024-01,Exter,SUV,Diesel,1497,Manual,5,20.9,7462,15595.58,18,4,4612,5,3
2023-08,Tucson,SUV,Petrol,1999,Automatic,5,21.12,6604,13947.65,21,4.8,7949,3,4
2023-03,Verna,Sedan,Diesel,1497,Manual,5,9.72,13071,12705.01,17.7,3.8,7224,5,4
2024-07,Venue,SUV,Petrol,1999,Automatic,5,23.94,9349,22381.51,20.8,4.8,6481,3,5
2024-11,Aura,Sedan,Diesel,1197,Manual,5,6.67,5949,3967.98,19.9,3.8,8452,5,4
2024-09,Venue,SUV,Diesel,1497,Manual,7,19.41,14992,29099.47,15,3.8,4019,3,4
2024-12,Alcazar,SUV,Diesel,1497,Manual,7,14.52,3830,5561.16,15,4.5,9393,5,4
2024-08,Grand i10 Nios,Hatchback,Diesel,999,Automatic,5,9.31,1869,1740.04,20.1,4,7893,3,3
2023-05,i20,Hatchback,Diesel,1999,Manual,5,14.16,12321,17446.54,16.9,4,5090,3,3
2024-04,Verna,Sedan,Petrol,1197,Automatic,5,8.6,3028,2604.08,21,3.8,4618,5,4
2024-04,Venue,SUV,Petrol,1497,Manual,5,17.84,4227,7540.97,18.6,4.6,7939,3,5
2024-08,Creta,SUV,Petrol,1999,Manual,5,12.15,1501,1823.72,18.8,3.9,9632,3,5
2023-09,i20,Hatchback,Petrol,1197,Manual,5,23.19,1519,3522.56,17.8,3.8,5364,3,3
2023-02,Alcazar,SUV,Diesel,1197,Manual,5,10.75,12065,12969.88,19.5,4.6,9301,3,3
2023-10,Aura,Sedan,Petrol,1999,Manual,5,11.83,1492,1765.04,16.5,4.2,9879,5,5
2023-12,Grand i10 Nios,Hatchback,Petrol,1497,Manual,5,7.29,12315,8977.64,19.6,3.5,10786,5,5
2023-03,Creta,SUV,Diesel,1999,Automatic,5,17.66,12145,21448.07,20.9,4.5,6962,5,5
2023-04,Grand i10 Nios,Hatchback,Petrol,1999,Automatic,5,18.95,12924,24490.98,16.8,3.6,9072,5,4
2023-04,Alcazar,SUV,Petrol,999,Manual,7,19.9,3193,6354.07,,4.1,9533,5,3
2023-12,Grand i10 Nios,Hatchback,Diesel,1197,Manual,5,23.68,14039,33244.35,19.2,3.7,,3,5
2024-05,Verna,Sedan,Petrol,999,Automatic,5,10.85,14337,15555.64,20.4,4.4,11487,5,4
2024-12,Venue,SUV,Petrol,999,Automatic,5,13.47,7950,10708.65,19.7,4.6,7219,5,5
2024-08,i20,Hatchback,Petrol,1497,Manual,5,15.27,3554,5426.96,15.8,4,5252,3,5
2024-12,Creta,SUV,Diesel,1999,Automatic,5,24.47,9031,22098.86,17.3,4.3,5984,5,5
2023-08,Grand i10 Nios,Hatchback,Diesel,1497,Manual,7,7.73,13665,10563.05,21.4,3.9,4430,5,4
2023-10,Alcazar,SUV,Petrol,999,Automatic,5,20.15,7515,15142.73,20.3,3.8,10365,5,5
2023-12,i20,Hatchback,Diesel,1197,Automatic,5,24.11,8832,21293.95,15.6,3.8,8628,5,4
2023-11,Creta,SUV,Diesel,1497,Automatic,5,21.72,767,1665.92,17.3,3.9,6476,,4
2024-06,Tucson,SUV,Diesel,1497,Automatic,5,14.9,9216,13731.84,18.9,4.4,7446,3,4
2024-03,Aura,Sedan,Petrol,999,Automatic,5,20.87,760,1586.12,17.9,4.4,9020,3,5
2023-03,Exter,SUV,Diesel,1999,Automatic,5,19.99,11592,23172.41,20.5,3.8,6356,5,3
2024-11,Venue,SUV,Petrol,999,Manual,7,17.9,5531,9900.49,19.3,3.8,10965,5,5
2023-09,Aura,Sedan,Petrol,1999,Automatic,7,18.75,5425,10171.88,16.3,3.8,7735,5,3
2023-12,Venue,SUV,Diesel,1999,Automatic,5,7.98,4686,3739.43,19.5,4.7,10845,3,3
2024-07,Tucson,SUV,Petrol,1999,Manual,7,7.23,9252,6689.2,16.5,4.1,10724,5,3
2024-11,Exter,SUV,Diesel,1999,Manual,5,8.16,12010,9800.16,21.2,3.7,5888,3,4
2023-04,Creta,SUV,Petrol,1197,Automatic,7,20.48,9104,18644.99,15.2,4,10697,5,5
2024-04,Aura,Sedan,Diesel,999,Manual,7,24.53,7435,18238.06,21.8,3.6,9741,5,5
2023-05,Grand i10 Nios,Hatchback,Diesel,1999,Manual,5,10.54,14992,15801.57,19.8,4.1,9248,3,5
2023-02,Creta,SUV,Petrol,1197,Manual,5,7.78,5456,4244.77,20.6,4.6,10080,5,3
2024-02,Alcazar,SUV,Petrol,1197,Automatic,7,13.06,12995,16971.47,21.1,3.9,10757,5,5
2023-02,Aura,Sedan,Diesel,1497,Automatic,5,13.09,9136,11959.02,15,4.5,9014,5,3
2023-02,Creta,SUV,Diesel,1497,Manual,5,12.14,2038,2474.13,18.2,4.5,5141,3,5
2024-11,Aura,Sedan,Petrol,1197,Automatic,5,21.82,1296,2827.87,18.5,3.7,9921,5,3
2024-01,Aura,Sedan,Diesel,1999,Manual,5,24.07,8930,21494.51,21.7,3.8,10379,5,5
2024-09,Grand i10 Nios,Hatchback,Diesel,1999,Manual,7,22.95,787,1806.16,16.8,3.9,10417,5,3
2023-11,Alcazar,SUV,Petrol,1999,Automatic,5,18.92,1759,3328.03,15.5,4.1,9439,3,4
2023-01,Verna,Sedan,Petrol,1999,Manual,5,12.21,14627,17859.57,19.7,4.6,10657,3,3
2024-08,Aura,Sedan,Diesel,999,Manual,5,21.92,6341,13899.47,21.3,3.7,8602,5,
2024-07,Creta,SUV,Diesel,1999,Manual,7,23.45,3060,7175.7,18.5,4.6,7348,3,
2024-06,Exter,SUV,Diesel,1197,Manual,5,16.84,4573,7700.93,17.4,4.4,6359,5,4
2024-04,Venue,SUV,Diesel,999,Manual,5,6.63,4161,2758.74,18.5,4.7,5665,5,4
2023-11,Verna,Sedan,Diesel,1497,Manual,5,7.3,7707,5626.11,16.3,4.1,7153,5,3
2024-01,i20,Hatchback,Diesel,999,Automatic,5,8.38,8214,6883.33,21.2,4.5,11895,5,5
2023-08,Venue,SUV,Petrol,1497,Automatic,5,16.54,14610,24164.94,18.5,3.7,11978,5,4
2024-01,Grand i10 Nios,Hatchback,Petrol,1999,Manual,5,18.31,6109,11185.58,15.4,4.5,5710,3,5
2024-11,Grand i10 Nios,Hatchback,Diesel,1197,Manual,7,14.67,7042,10330.61,20,4.6,4710,3,3
2024-10,i20,Hatchback,Diesel,1497,Manual,7,8.4,7831,6578.04,17.3,4.2,8115,3,5
2023-06,Verna,Sedan,Petrol,1999,Automatic,7,15.99,613,980.19,16.1,4,4436,3,3
2023-07,Tucson,SUV,Petrol,1497,Automatic,5,20.78,2340,4862.52,21.2,4.5,10785,5,4
2024-09,Aura,Sedan,Diesel,999,Manual,5,24.06,5404,13002.02,18.6,4.5,11617,5,5
2023-06,Alcazar,SUV,Diesel,999,Manual,5,10.94,7655,8374.57,18.3,4,11248,5,3
2023-04,Venue,SUV,Petrol,1497,Automatic,5,17.61,12410,21854.01,19.5,4.4,10194,5,5
2023-03,Creta,SUV,Diesel,1197,Manual,5,18.45,13612,25114.14,18.7,4,5691,3,3
2023-04,i20,Hatchback,Petrol,1497,Manual,5,7.21,2932,2113.97,21.2,4.1,10501,5,4
2024-02,Alcazar,SUV,Petrol,1197,Automatic,5,14.07,6905,9715.34,21.8,4.3,5834,3,3
2024-05,Verna,Sedan,Petrol,1999,Manual,5,19.56,7993,15634.31,19.4,4.5,11139,5,4
2023-05,Creta,SUV,Petrol,1497,Manual,7,6.84,2799,1914.52,17.2,3.9,11444,3,4
2024-07,i20,Hatchback,Petrol,1197,Automatic,5,18.68,11465,21416.62,21.9,4.2,10556,3,3
2023-12,i20,Hatchback,Petrol,1497,Manual,5,8.69,3114,2706.07,18.7,3.5,6637,3,4
2023-10,Verna,Sedan,Diesel,999,Manual,5,23.51,5446,12803.55,16,4.5,5867,5,4
2024-04,i20,Hatchback,Diesel,999,Automatic,5,6.27,7384,4629.77,15.6,4.3,4706,5,5
2024-05,Verna,Sedan,Petrol,1999,Manual,5,10.12,8617,8720.4,21.1,3.9,9805,3,5
2023-05,Venue,SUV,Petrol,1197,Automatic,5,14.65,1568,2297.12,,4.7,8858,5,5
2023-03,Exter,SUV,Petrol,1497,Manual,7,18.04,7948,14338.19,17.5,4.4,7631,3,5
2023-01,Tucson,SUV,Petrol,999,Automatic,5,20.7,9088,18812.16,20.1,3.9,5281,3,5
2024-01,Grand i10 Nios,Hatchback,Petrol,1497,Automatic,7,6.18,1761,1088.3,18.1,3.6,6091,5,4
2024-05,Venue,SUV,Petrol,1197,Manual,5,18.24,1885,3438.24,20.3,4,6151,5,4
2024-01,i20,Hatchback,Petrol,1197,Manual,5,11.81,11388,13449.23,17.6,4.2,8830,5,3
2024-08,Creta,SUV,Petrol,1197,Automatic,5,12.67,11604,14702.27,19.5,3.7,6244,3,5
2023-01,Venue,SUV,Diesel,1999,Manual,5,11.32,1928,2182.5,19,4.7,8006,5,4
2023-11,Grand i10 Nios,Hatchback,Diesel,1497,Manual,5,10.4,1922,1998.88,16.3,3.8,4035,5,5
2024-07,Venue,SUV,Diesel,1999,Automatic,5,11.78,13065,15390.57,18,4.7,9413,5,5
2024-02,Verna,Sedan,Petrol,999,Automatic,5,12.42,8340,10358.28,21.3,4.2,6729,3,3
2024-02,Venue,SUV,Petrol,999,Automatic,5,9.8,11792,11556.16,16.8,3.9,8959,5,3
2024-06,Grand i10 Nios,Hatchback,Diesel,1197,Manual,5,18.11,9927,17977.8,20.9,4,4664,5,3
2023-10,Grand i10 Nios,Hatchback,Petrol,999,Automatic,5,7.49,11039,8268.21,19.1,3.7,6056,3,4
2023-02,Creta,SUV,Petrol,1999,Manual,7,20.14,11972,24111.61,19.3,3.6,7724,5,3
2023-10,i20,Hatchback,Diesel,999,Automatic,5,23.99,5134,12316.47,20.1,3.8,11306,5,5
2024-11,Aura,Sedan,Petrol,1497,Automatic,5,19.59,10128,19840.75,21.7,4.4,9197,3,3
2023-11,Venue,SUV,Petrol,1999,Manual,5,14.01,1316,1843.72,16,4,9157,3,3
2023-06,Venue,SUV,Petrol,1197,Automatic,5,13.19,14350,18927.65,18.6,3.6,7273,3,3
2024-10,i20,Hatchback,Diesel,1999,Manual,5,14.49,6739,9764.81,17.7,4.2,7332,3,5
2024-01,Aura,Sedan,Diesel,1197,Manual,5,16.74,6643,11120.38,15.8,4.6,10212,3,5
2024-08,Aura,Sedan,Diesel,1497,Manual,5,9.28,8587,7968.74,16,4.4,6374,3,4
2023-09,Exter,SUV,Petrol,999,Manual,5,11.77,9868,11614.64,17.5,4.2,8811,5,3
2023-11,Aura,Sedan,Diesel,1999,Automatic,5,22.89,9183,21019.89,19,4.3,10552,3,4
2023-08,Venue,SUV,Diesel,999,Manual,5,12.76,2618,3340.57,19,4,10518,5,5
2024-01,Creta,SUV,Petrol,1497,Automatic,5,7.52,2383,1792.02,21.2,4.5,6886,5,5
2024-10,i20,Hatchback,Petrol,1197,Manual,5,16.62,,24318.38,15.4,3.9,7627,3,5
2024-02,Verna,Sedan,Diesel,1999,Manual,5,15.79,4895,7729.2,16.4,3.5,4382,5,5
2023-09,Verna,Sedan,Petrol,1197,Automatic,7,20.97,13174,27625.88,16.4,4.6,7159,5,4
2023-08,Exter,SUV,Diesel,1497,Manual,5,19.82,5970,11832.54,20.8,4,7023,5,4
2023-06,Creta,SUV,Diesel,1197,Manual,5,20.45,12633,25834.48,15.9,4.3,11054,3,5
2024-01,i20,Hatchback,Diesel,1999,Manual,5,18.9,2531,4783.59,21,3.8,6479,5,3
2023-05,Verna,Sedan,Petrol,1999,Automatic,5,17.13,7076,12121.19,15.8,4.2,9016,5,3
2023-06,Verna,Sedan,Petrol,1497,Automatic,5,22.27,13361,29754.95,16.1,3.8,11783,3,3
2023-08,i20,Hatchback,Diesel,1197,Automatic,5,6.39,2770,1770.03,17,3.6,7271,3,4
2024-01,Exter,SUV,Petrol,999,Manual,7,20.61,10449,21535.39,18.8,4.7,5334,5,5
2023-03,i20,Hatchback,Petrol,1497,Manual,5,17.49,13891,24295.36,20.9,3.8,4969,3,5
2023-06,Venue,SUV,Petrol,999,Manual,5,15.64,11451,17909.36,16.4,4.6,4648,5,5
2023-03,Tucson,SUV,Diesel,1999,Manual,5,13.35,1522,2031.87,19,4.6,6539,3,5
2024-12,Grand i10 Nios,Hatchback,Diesel,1497,Manual,7,19.05,7434,14161.77,19,4.4,10393,5,3
2023-08,Creta,SUV,Petrol,999,Automatic,5,,7111,14449.55,16.2,3.8,8432,3,3
2024-04,Exter,SUV,Diesel,1497,Automatic,5,15.7,9528,14958.96,16.5,3.6,11836,5,5
2024-07,Tucson,SUV,Diesel,1497,Automatic,5,22.15,12413,27494.79,16.2,4.6,5340,5,5
2024-03,Creta,SUV,Diesel,1999,Manual,5,9.98,5102,5091.8,18.4,3.6,10035,5,3
2023-07,Venue,SUV,Petrol,1999,Manual,5,24.39,13435,32767.97,20,3.8,4564,3,4
2023-03,Alcazar,SUV,Diesel,1497,Manual,5,17.22,5754,9908.39,16.2,4.4,11656,3,3
2023-05,Grand i10 Nios,Hatchback,Diesel,1999,Manual,5,13.57,12121,16448.2,22,4.1,5121,3,5
